path,class,parts,confidence,reason
plantwild_v2/banana anthracnose/banana_anthracnose_Baidu_0008.jpg,banana anthracnose,fruit,0.94,Dark lesions and spotting visible on banana peels (fruits)
plantwild_v2/banana anthracnose/banana_anthracnose_Baidu_0015.jpg,banana anthracnose,fruit,0.90,Dark sunken lesions clearly on the banana peels (fruits).
plantwild_v2/banana anthracnose/banana_anthracnose_Baidu_0019.jpg,banana anthracnose,fruit,0.95,Black necrotic spots clearly on banana fruits/bananas
plantwild_v2/banana anthracnose/banana_anthracnose_Baidu_0004.jpg,banana anthracnose,fruit,0.90,Dark circular lesions visible on the banana fruit surface
plantwild_v2/banana anthracnose/banana_anthracnose_Baidu_0031.jpg,banana anthracnose,fruit,0.90,Dark necrotic lesions visible on banana peels (fruits)
plantwild_v2/banana anthracnose/banana_anthracnose_Baidu_0050.jpg,banana anthracnose,fruit,0.90,Dark necrotic spots visible on banana peels (fruit surface)
plantwild_v2/banana anthracnose/banana_anthracnose_Baidu_0013.jpg,banana anthracnose,leaf;fruit,0.90,Distinct necrotic lesions on leaf blade and dark sunken spots on fruits
plantwild_v2/banana anthracnose/banana_anthracnose_Baidu_0021.jpg,banana anthracnose,fruit,0.92,Black/brown circular lesions clearly visible on banana fruit peels
plantwild_v2/banana anthracnose/banana_anthracnose_Baidu_0059.jpg,banana anthracnose,fruit,0.91,Black/necrotic spots visible on banana fruits (blemishes consistent with symptoms)
plantwild_v2/banana anthracnose/banana_anthracnose_Baidu_0080.jpg,banana anthracnose,fruit,0.90,Brown/black spotting and lesions clearly on banana peels (fruits).
plantwild_v2/banana anthracnose/banana_anthracnose_Baidu_0058.jpg,banana anthracnose,fruit,0.92,Dark necrotic spots clearly on banana fruit/peel
plantwild_v2/banana anthracnose/banana_anthracnose_Baidu_0077.jpg,banana anthracnose,fruit,0.90,Dark necrotic spots and lesions clearly on banana peels (fruits)
plantwild_v2/banana anthracnose/banana_anthracnose_Baidu_0064.jpg,banana anthracnose,fruit,0.94,Dark necrotic spots clearly on banana fruits in the cluster
plantwild_v2/banana anthracnose/banana_anthracnose_Baidu_0051.jpg,banana anthracnose,fruit,0.90,Dark sunken/blemished lesions visible on banana peels (fruits) only.
plantwild_v2/banana anthracnose/banana_anthracnose_Baidu_0054.jpg,banana anthracnose,fruit,0.95,Brown/black spotting and lesions visible on banana peels (fruits).
plantwild_v2/banana anthracnose/banana_anthracnose_Baidu_0093.jpg,banana anthracnose,fruit,0.90,Dark sunken spots clearly present on the banana fruits
plantwild_v2/banana anthracnose/banana_anthracnose_Baidu_0115.jpg,banana anthracnose,fruit,0.90,Dark lesions and spotting visible on banana fruits in the bunch
plantwild_v2/banana anthracnose/banana_anthracnose_Bing_0000.jpg,banana anthracnose,fruit,0.90,Dark sunken lesions visible on the banana fruit skin consistent with symptoms
plantwild_v2/banana anthracnose/banana_anthracnose_Baidu_0124.jpg,banana anthracnose,fruit,0.92,Dark necrotic spots visible on the banana fruit peel
plantwild_v2/banana anthracnose/banana_anthracnose_Baidu_0205.jpg,banana anthracnose,fruit,0.88,Numerous dark lesions/spots visible on banana fruits in the bunch
plantwild_v2/banana anthracnose/banana_anthracnose_Bing_0005.jpg,banana anthracnose,fruit,0.95,Dark necrotic lesions and spotting clearly visible on the banana fruit peel
plantwild_v2/banana anthracnose/banana_anthracnose_Bing_0014.jpg,banana anthracnose,fruit,0.92,Dark necrotic lesions clearly on the banana fruit skin
plantwild_v2/banana anthracnose/banana_anthracnose_Bing_0009.jpg,banana anthracnose,fruit,0.92,Dark sunken lesions visible on the banana fruit/peel
plantwild_v2/banana anthracnose/banana_anthracnose_Bing_0006.jpg,banana anthracnose,fruit,0.95,Black lesions and rot present on the banana fruit skin
plantwild_v2/banana anthracnose/banana_anthracnose_Bing_0007.jpg,banana anthracnose,fruit,0.92,Dark necrotic lesions clearly present on the banana fruit skin
plantwild_v2/banana anthracnose/banana_anthracnose_Bing_0001.jpg,banana anthracnose,fruit,0.90,Dark lesion spots clearly present on banana fruits; leaves appear healthy/dry only.
plantwild_v2/banana anthracnose/banana_anthracnose_Bing_0008.jpg,banana anthracnose,fruit,0.90,Dark necrotic lesions and blackening visible on banana peels (fruits)
plantwild_v2/banana anthracnose/banana_anthracnose_Bing_0004.jpg,banana anthracnose,fruit,0.90,Dark necrotic spots and lesions clearly visible on banana fruits
plantwild_v2/banana anthracnose/banana_anthracnose_Bing_0023.jpg,banana anthracnose,fruit,0.92,Dark necrotic lesions clearly present on the banana fruit surface
plantwild_v2/banana anthracnose/banana_anthracnose_Bing_0020.jpg,banana anthracnose,fruit,0.95,Dark necrotic/black lesions visible on banana fruit peels
plantwild_v2/banana anthracnose/banana_anthracnose_Bing_0025.jpg,banana anthracnose,fruit,0.90,Dark sunken lesions and spots clearly present on banana fruits
plantwild_v2/banana anthracnose/banana_anthracnose_Bing_0017.jpg,banana anthracnose,fruit,0.88,Dark lesions and discoloration visible on banana peels and flesh (fruits)
plantwild_v2/banana anthracnose/banana_anthracnose_Bing_0015.jpg,banana anthracnose,fruit,0.92,Dark necrotic lesions clearly visible on the banana peels (fruits).
plantwild_v2/banana anthracnose/banana_anthracnose_Bing_0027.jpg,banana anthracnose,fruit,0.90,Dark sunken/black lesions visible on banana peels (fruits)
plantwild_v2/banana anthracnose/banana_anthracnose_Bing_0029.jpg,banana anthracnose,fruit,0.92,Dark sunken/black spots and lesions visible on banana fruit peels.
plantwild_v2/banana anthracnose/banana_anthracnose_Bing_0022.jpg,banana anthracnose,fruit,0.95,Dark sunken lesions visible on banana peels (fruits)
plantwild_v2/banana anthracnose/banana_anthracnose_Bing_0032.jpg,banana anthracnose,fruit,0.92,Dark sunken necrotic lesions visible on banana fruit peel
plantwild_v2/banana anthracnose/banana_anthracnose_Bing_0065.jpg,banana anthracnose,fruit,0.95,Dark sunken/necrotic lesions clearly on the banana fruit peel
plantwild_v2/banana anthracnose/banana_anthracnose_Bing_0068.jpg,banana anthracnose,fruit,0.92,Dark necrotic lesions clearly visible on banana fruits/peel
plantwild_v2/banana anthracnose/banana_anthracnose_Bing_0035.jpg,banana anthracnose,fruit,0.95,Dark sunken lesions are present on the banana fruits (spots on peels)
plantwild_v2/banana anthracnose/banana_anthracnose_Bing_0072.jpg,banana anthracnose,fruit,0.92,Dark necrotic lesions clearly on the banana fruit skin
plantwild_v2/banana anthracnose/banana_anthracnose_Bing_0077.jpg,banana anthracnose,fruit,0.90,Dark circular lesions and spotting clearly on banana peels (fruits).
plantwild_v2/banana anthracnose/banana_anthracnose_Bing_0078.jpg,banana anthracnose,fruit,0.90,Black necrotic lesions visible on the banana fruit peel
plantwild_v2/banana anthracnose/banana_anthracnose_Bing_0122.jpg,banana anthracnose,fruit,0.90,Dark sunken/necrotic lesions visible on banana fruit peels
plantwild_v2/banana anthracnose/banana_anthracnose_Bing_0119.jpg,banana anthracnose,fruit,0.92,Dark lesions and spotting clearly on banana fruit peel
plantwild_v2/banana anthracnose/banana_anthracnose_Bing_0152.jpg,banana anthracnose,fruit,0.90,Dark necrotic lesions clearly on the banana fruit peel
plantwild_v2/banana anthracnose/banana_anthracnose_Bing_0136.jpg,banana anthracnose,fruit,0.90,Dark lesions and rot visible on banana fruits/peel (symptoms confined to fruits).
plantwild_v2/banana anthracnose/banana_anthracnose_Bing_0153.jpg,banana anthracnose,fruit,0.95,Dark lesions and spots clearly visible on the banana fruits
plantwild_v2/banana anthracnose/banana_anthracnose_Bing_0182.jpg,banana anthracnose,fruit,0.88,Dark sunken lesions visible on banana peels indicating symptoms on fruits
plantwild_v2/banana anthracnose/banana_anthracnose_Bing_0266.jpg,banana anthracnose,fruit,0.92,Dark necrotic lesions visible on banana peels (fruits)
plantwild_v2/banana anthracnose/banana_anthracnose_Bing_0191.jpg,banana anthracnose,fruit,0.93,Dark circular lesions clearly on banana fruit/peel
plantwild_v2/banana anthracnose/banana_anthracnose_Bing_0276.jpg,banana anthracnose,fruit,0.92,Dark necrotic lesions clearly on the banana fruit skin
plantwild_v2/banana anthracnose/banana_anthracnose_Bing_0187.jpg,banana anthracnose,fruit,0.90,Dark necrotic lesions visible on banana fruits/peel
plantwild_v2/banana anthracnose/banana_anthracnose_Bing_0213.jpg,banana anthracnose,fruit,0.90,Dark lesions clearly visible on banana fruits in the images
plantwild_v2/banana anthracnose/banana_anthracnose_Google_0035.jpg,banana anthracnose,stem;fruit,0.86,Dark necrotic lesions visible on banana fruits and on the stalk/peduncle
plantwild_v2/banana anthracnose/banana_anthracnose_Bing_0128.jpg,banana anthracnose,fruit,0.92,Dark sunken lesions visible on banana fruits (clearly symptomatic)
plantwild_v2/banana anthracnose/banana_anthracnose_Google_0041.jpg,banana anthracnose,fruit,0.95,Dark necrotic lesions clearly present on the banana/other fruits' surfaces
plantwild_v2/banana anthracnose/banana_anthracnose_Google_0156.jpg,banana anthracnose,fruit,0.92,Dark necrotic lesions visible on banana peels (fruits)
plantwild_v2/banana anthracnose/banana_anthracnose_Google_0113.jpg,banana anthracnose,fruit,0.92,Visible black sunken lesions and spots on banana fruits
plantwild_v2/banana anthracnose/banana_anthracnose_Google_0166.jpg,banana anthracnose,fruit,0.91,dark spots and blackened tips clearly on banana fruits
plantwild_v2/banana anthracnose/banana_anthracnose_Google_0162.jpg,banana anthracnose,fruit,0.90,Dark lesions and spotting clearly visible on banana fruits/peels
plantwild_v2/banana anthracnose/banana_anthracnose_Google_0206.jpg,banana anthracnose,fruit,0.90,Dark necrotic lesions on banana peels clearly affecting the fruits
plantwild_v2/banana anthracnose/banana_anthracnose_Google_0205.jpg,banana anthracnose,fruit,0.93,Dark concentric/irregular lesions visible on banana fruits
plantwild_v2/banana anthracnose/banana_anthracnose_Google_0198.jpg,banana anthracnose,fruit,0.90,Dark necrotic spots and blotches clearly on banana fruits/peel
plantwild_v2/banana anthracnose/banana_anthracnose_Google_0227.jpg,banana anthracnose,fruit,0.90,Black lesions and spots clearly present on banana fruits (peels).
plantwild_v2/banana anthracnose/banana_anthracnose_Google_0214.jpg,banana anthracnose,fruit,0.91,Dark necrotic lesions clearly on banana fruits (peels) in multiple specimens.
plantwild_v2/banana anthracnose/banana_anthracnose_Google_0312.jpg,banana anthracnose,fruit,0.90,Dark lesions and mold clearly on banana fruits
plantwild_v2/banana anthracnose/banana_anthracnose_Google_0324.jpg,banana anthracnose,fruit,0.92,Dark necrotic lesions clearly present on banana fruits/peel
plantwild_v2/banana anthracnose/banana_anthracnose_Google_0244.jpg,banana anthracnose,fruit,0.90,Black circular/necrotic lesions clearly visible on banana fruits
plantwild_v2/banana cigar end rot/banana_cigar_end_rot_Bing_0001.jpg,banana cigar end rot,fruit,0.92,Dark necrotic/discolored lesions clearly on banana fruit tips (cigar end)
plantwild_v2/banana cigar end rot/banana_cigar_end_rot_Bing_0002.jpg,banana cigar end rot,fruit,0.87,Dark necrotic rot visible on banana tips (fruit ends)
plantwild_v2/banana cigar end rot/banana_cigar_end_rot_Bing_0007.jpg,banana cigar end rot,fruit,0.90,"Dark, rotted lesions with powdery grey conidia visible on banana fruits' ends"
plantwild_v2/banana cigar end rot/banana_cigar_end_rot_Bing_0004.jpg,banana cigar end rot,fruit,0.92,Dark necrotic lesions visible at the banana (fruit) tips
plantwild_v2/banana cigar end rot/banana_cigar_end_rot_Bing_0008.jpg,banana cigar end rot,fruit,0.90,Brown/black rot visible at the blossom/cigar end of multiple banana fruits
plantwild_v2/banana cigar end rot/banana_cigar_end_rot_Bing_0000.jpg,banana cigar end rot,fruit,0.93,Blackened rotting at the banana fruit tip where flower remnant attached
plantwild_v2/banana cigar end rot/banana_cigar_end_rot_Bing_0009.jpg,banana cigar end rot,fruit,0.90,Brown/black rot visible at the end of a banana fruit (cigar end)
plantwild_v2/banana cigar end rot/banana_cigar_end_rot_Bing_0011.jpg,banana cigar end rot,fruit,0.92,Rot visible on the banana fruit tip (blossom/cigar end)
plantwild_v2/banana cigar end rot/banana_cigar_end_rot_Bing_0010.jpg,banana cigar end rot,fruit,0.90,Darkened/rotted tips visible on banana fruits (cigar end rot)
plantwild_v2/banana cigar end rot/banana_cigar_end_rot_Bing_0014.jpg,banana cigar end rot,fruit,0.93,"Dark, necrotic lesions visible on the banana (fruit) tips/cigar ends"
plantwild_v2/banana cigar end rot/banana_cigar_end_rot_Bing_0012.jpg,banana cigar end rot,fruit,0.90,Blackened cigar-end lesions clearly visible on banana fruits/tips.
plantwild_v2/banana cigar end rot/banana_cigar_end_rot_Bing_0015.jpg,banana cigar end rot,fruit,0.90,Dark necrotic lesions present on banana fruit tips (blossom/cigar end)
plantwild_v2/banana cigar end rot/banana_cigar_end_rot_Bing_0022.jpg,banana cigar end rot,fruit,0.86,Rotting/dark necrotic lesion visible at banana fruit (cigar) end
plantwild_v2/banana cigar end rot/banana_cigar_end_rot_Bing_0025.jpg,banana cigar end rot,fruit,0.95,"Blackened, rotting distal tips visible on the banana fruits (cigar end rot)."
plantwild_v2/banana cigar end rot/banana_cigar_end_rot_Bing_0019.jpg,banana cigar end rot,fruit,0.88,Blackened dried floral remnants and necrosis visible at tips of banana fruits
plantwild_v2/banana cigar end rot/banana_cigar_end_rot_Bing_0031.jpg,banana cigar end rot,fruit,0.90,"Blackened, rotted banana tips clearly on the fruit ends"
plantwild_v2/banana cigar end rot/banana_cigar_end_rot_Bing_0060.jpg,banana cigar end rot,fruit,0.92,Dark necrotic lesions and rot visible on banana fruits (cigar ends)
plantwild_v2/banana cigar end rot/banana_cigar_end_rot_Bing_0048.jpg,banana cigar end rot,fruit,0.92,Dark necrotic lesions visible on banana fruit tips/peel (cigar end rot)
plantwild_v2/banana cigar end rot/banana_cigar_end_rot_Bing_0024.jpg,banana cigar end rot,fruit,0.94,Dark rot visible at the banana blossom/end on the fruit tip
plantwild_v2/banana cigar end rot/banana_cigar_end_rot_Bing_0072.jpg,banana cigar end rot,fruit,0.92,Dark necrotic lesions visible at the tips of the banana fruits (cigar end)
plantwild_v2/banana cigar end rot/banana_cigar_end_rot_Bing_0073.jpg,banana cigar end rot,fruit,0.88,Dark brown/black rot lesions visible at banana blossom (fruit) ends
plantwild_v2/banana cigar end rot/banana_cigar_end_rot_Bing_0090.jpg,banana cigar end rot,fruit,0.86,Dark rot lesions visible on banana skins and tips (fruit)
plantwild_v2/banana cigar end rot/banana_cigar_end_rot_Bing_0136.jpg,banana cigar end rot,fruit,0.95,Necrotic black lesions visible at the blossom/end tips of bananas (fruits)
plantwild_v2/banana cigar end rot/banana_cigar_end_rot_Bing_0182.jpg,banana cigar end rot,fruit,0.92,Black necrotic lesions visible at banana fruit tips (cigar end rot)
plantwild_v2/banana cigar end rot/banana_cigar_end_rot_Bing_0071.jpg,banana cigar end rot,inflorescence;fruit,0.88,Blackened/necrotic blossom ends on bananas and dried flower remnants visible
plantwild_v2/banana cigar end rot/banana_cigar_end_rot_Bing_0149.jpg,banana cigar end rot,fruit,0.90,"Blackened, rotting tips and lesions clearly on banana fruits"
plantwild_v2/banana cigar end rot/banana_cigar_end_rot_Bing_0260.jpg,banana cigar end rot,fruit,0.90,Rotten lesion visible at the tip of a banana finger (fruit).
plantwild_v2/banana cigar end rot/banana_cigar_end_rot_Bing_0017.jpg,banana cigar end rot,inflorescence,0.93,"Dark, necrotic dried banana blossom/cigar at the bunch tip (inflorescence)"
plantwild_v2/banana cigar end rot/banana_cigar_end_rot_Google_0006.jpg,banana cigar end rot,fruit,0.90,rots and necrosis visible at banana fruit tips (cigar-end)
plantwild_v2/banana cigar end rot/banana_cigar_end_rot_Google_0019.jpg,banana cigar end rot,fruit,0.90,Rot and blackening visible on the banana fruit's distal (cigar) end
plantwild_v2/banana cigar end rot/banana_cigar_end_rot_Google_0025.jpg,banana cigar end rot,fruit,0.90,Necrotic/brown lesions visible at the banana blossom (fruit) ends
plantwild_v2/banana cigar end rot/banana_cigar_end_rot_Google_0009.jpg,banana cigar end rot,fruit,0.92,"Dark, necrotic cigar-end lesions visible at tips of individual bananas (fruits)"
plantwild_v2/banana cigar end rot/banana_cigar_end_rot_Google_0029.jpg,banana cigar end rot,fruit,0.92,"Blackened, rotting tips clearly visible on banana fruits"
plantwild_v2/banana cigar end rot/banana_cigar_end_rot_Google_0040.jpg,banana cigar end rot,fruit,0.88,Black rot and spots clearly visible on banana fruits/crowns
plantwild_v2/banana cigar end rot/banana_cigar_end_rot_Google_0028.jpg,banana cigar end rot,fruit,0.93,Dark necrotic lesions visible at the banana (fruit) cigar/blossom ends
plantwild_v2/banana cigar end rot/banana_cigar_end_rot_Google_0058.jpg,banana cigar end rot,fruit,0.88,Necrotic lesions visible on banana fruits (cigar-end rot affects fruit tips)
plantwild_v2/banana cigar end rot/banana_cigar_end_rot_Google_0036.jpg,banana cigar end rot,fruit,0.90,Necrotic decay visible at banana blossom/cigar end on the fruit tips.
plantwild_v2/banana cigar end rot/banana_cigar_end_rot_Google_0101.jpg,banana cigar end rot,fruit,0.90,"Blackened, rotted tips and dried floral remnants visible on banana fruits"
plantwild_v2/banana cigar end rot/banana_cigar_end_rot_Google_0131.jpg,banana cigar end rot,fruit,0.92,Necrotic lesions visible on banana fruit at the blossom/cigar end
plantwild_v2/banana cigar end rot/banana_cigar_end_rot_Google_0153.jpg,banana cigar end rot,fruit,0.92,Dark rot visible at the tips/ends of banana fruits (cigar end rot)
plantwild_v2/banana cigar end rot/banana_cigar_end_rot_Google_0182.jpg,banana cigar end rot,inflorescence;fruit,0.86,Rot and necrosis clearly on banana fruit tips and dried flower/inflorescence remnants
plantwild_v2/banana cigar end rot/banana_cigar_end_rot_Google_0128.jpg,banana cigar end rot,inflorescence;fruit,0.86,necrotic blackening on flower/bracts and on developing banana fruit tips
plantwild_v2/banana cigar end rot/banana_cigar_end_rot_Google_0201.jpg,banana cigar end rot,fruit,0.90,"blackened, necrotic tips and lesions on banana fruits (cigar-end symptoms)"
plantwild_v2/banana cigar end rot/banana_cigar_end_rot_Google_0163.jpg,banana cigar end rot,fruit,0.91,"Dark necrotic, dry lesion clearly visible on the banana fruit tip."
plantwild_v2/banana cigar end rot/banana_cigar_end_rot_Google_0211.jpg,banana cigar end rot,inflorescence;fruit,0.92,Blackened necrotic tips on bananas and dried/necrotic inflorescence bracts visible
plantwild_v2/banana cigar end rot/banana_cigar_end_rot_Google_0232.jpg,banana cigar end rot,fruit,0.92,"Blackened, necrotic lesions visible at banana blossom/fruit ends (cigar-end rot)."
plantwild_v2/banana cigar end rot/banana_cigar_end_rot_Google_0264.jpg,banana cigar end rot,fruit,0.92,"Darkened, rotted tips visible on banana fingers (fruits)"
plantwild_v2/banana cigar end rot/banana_cigar_end_rot_Google_0243.jpg,banana cigar end rot,fruit,0.94,"Necrotic, brown/gray rot visible at the tips of banana fruits"
plantwild_v2/banana cigar end rot/banana_cigar_end_rot_Google_0306.jpg,banana cigar end rot,fruit,0.86,"Dark, necrotic lesions visible at banana tips (cigar-end) on fruits"
plantwild_v2/banana cigar end rot/banana_cigar_end_rot_Google_0286.jpg,banana cigar end rot,fruit,0.85,Darkened/necrotic tips and lesions visible on banana fruits in the bunch
plantwild_v2/banana cigar end rot/banana_cigar_end_rot_Google_0314.jpg,banana cigar end rot,fruit,0.90,brown/necrotic lesions visible on banana fruit tips (cigar-end)
plantwild_v2/banana cigar end rot/banana_cigar_end_rot_Google_0347.jpg,banana cigar end rot,fruit,0.92,blackened/necrotic tips at banana fruit ends (cigar-end rot)
plantwild_v2/banana cigar end rot/banana_cigar_end_rot_Google_0263.jpg,banana cigar end rot,fruit,0.86,Necrotic/darkened tips and lesions visible on developing banana fruits
plantwild_v2/banana cigar end rot/banana_cigar_end_rot_Google_0350.jpg,banana cigar end rot,fruit,0.88,Dark necrotic lesions visible at the blossom/cigar end of individual bananas (fruits)
plantwild_v2/banana cigar end rot/banana_cigar_end_rot_Google_0377.jpg,banana cigar end rot,fruit,0.92,"Necrotic, darkened lesion visible at the tip of the banana fruit"
plantwild_v2/bell pepper blossom end rot/bell_pepper_blossom_end_rot_Bing_0000.jpg,bell pepper blossom end rot,fruit,0.91,Sunken brown/necrotic lesions clearly on the pepper fruits (blossom end).
plantwild_v2/bell pepper blossom end rot/bell_pepper_blossom_end_rot_Bing_0001.jpg,bell pepper blossom end rot,fruit,0.95,Necrotic sunken lesion at the pepper's blossom end on the fruit
plantwild_v2/banana cigar end rot/banana_cigar_end_rot_Google_0235.jpg,banana cigar end rot,inflorescence;fruit,0.86,Dark necrotic lesions on banana fruits and dried flower/inflorescence remnants at tips
plantwild_v2/bell pepper blossom end rot/bell_pepper_blossom_end_rot_Bing_0003.jpg,bell pepper blossom end rot,fruit,0.92,Brown sunken lesion visible on the pepper (fruit) blossom end
plantwild_v2/banana cigar end rot/banana_cigar_end_rot_Google_0358.jpg,banana cigar end rot,fruit,0.92,Rot and necrosis visible on the banana fruit apex and surrounding peel
plantwild_v2/bell pepper blossom end rot/bell_pepper_blossom_end_rot_Bing_0005.jpg,bell pepper blossom end rot,fruit,0.95,Dark sunken necrotic lesion clearly on the pepper fruit (blossom end)
plantwild_v2/bell pepper blossom end rot/bell_pepper_blossom_end_rot_Bing_0006.jpg,bell pepper blossom end rot,fruit,0.96,Sunken black necrotic lesion clearly on the pepper fruit's blossom end
plantwild_v2/bell pepper blossom end rot/bell_pepper_blossom_end_rot_Bing_0008.jpg,bell pepper blossom end rot,fruit,0.90,Dark necrotic lesion visible on the pepper fruit's blossom end
plantwild_v2/bell pepper blossom end rot/bell_pepper_blossom_end_rot_Bing_0004.jpg,bell pepper blossom end rot,fruit,0.95,Sunken necrotic lesion clearly on the pepper fruit blossom end
plantwild_v2/bell pepper blossom end rot/bell_pepper_blossom_end_rot_Bing_0010.jpg,bell pepper blossom end rot,fruit,0.90,Dark sunken necrotic lesions visible on the pepper fruit surface
plantwild_v2/bell pepper blossom end rot/bell_pepper_blossom_end_rot_Bing_0011.jpg,bell pepper blossom end rot,fruit,0.92,Necrotic blossom-end lesions clearly on pepper fruits
plantwild_v2/bell pepper blossom end rot/bell_pepper_blossom_end_rot_Bing_0009.jpg,bell pepper blossom end rot,fruit,0.93,Dark sunken necrotic lesions visible on the pepper fruits' blossom ends.
plantwild_v2/bell pepper blossom end rot/bell_pepper_blossom_end_rot_Bing_0014.jpg,bell pepper blossom end rot,fruit,0.95,Sunken necrotic lesion clearly on the pepper (fruit) blossom end
plantwild_v2/bell pepper blossom end rot/bell_pepper_blossom_end_rot_Bing_0016.jpg,bell pepper blossom end rot,fruit,0.91,Sunken dark necrotic lesion visible on the pepper fruit (blossom end)
plantwild_v2/bell pepper blossom end rot/bell_pepper_blossom_end_rot_Bing_0012.jpg,bell pepper blossom end rot,fruit,0.93,Dark sunken necrotic lesions visible on the bell pepper (fruit) surface
plantwild_v2/bell pepper blossom end rot/bell_pepper_blossom_end_rot_Bing_0018.jpg,bell pepper blossom end rot,fruit,0.90,"Dark, sunken, necrotic lesions on pepper fruits (blossom end rot)"
plantwild_v2/bell pepper blossom end rot/bell_pepper_blossom_end_rot_Bing_0019.jpg,bell pepper blossom end rot,fruit,0.88,Sunken dark necrotic lesion clearly on the pepper fruit surface
plantwild_v2/bell pepper blossom end rot/bell_pepper_blossom_end_rot_Bing_0022.jpg,bell pepper blossom end rot,fruit,0.90,Clear necrotic sunken lesion on the bell pepper fruit (blossom end area)
plantwild_v2/bell pepper blossom end rot/bell_pepper_blossom_end_rot_Bing_0021.jpg,bell pepper blossom end rot,fruit,0.98,Brown sunken lesions visible on pepper fruits' blossom ends
plantwild_v2/bell pepper blossom end rot/bell_pepper_blossom_end_rot_Bing_0024.jpg,bell pepper blossom end rot,fruit,0.95,Clear sunken necrotic lesions on pepper fruits consistent with blossom end rot
plantwild_v2/bell pepper blossom end rot/bell_pepper_blossom_end_rot_Bing_0028.jpg,bell pepper blossom end rot,fruit,0.90,Sunken necrotic lesion clearly on the pepper (fruit) blossom end
plantwild_v2/bell pepper blossom end rot/bell_pepper_blossom_end_rot_Bing_0023.jpg,bell pepper blossom end rot,fruit,0.92,Sunken necrotic lesions visible on the bell peppers (fruits) at blossom ends
plantwild_v2/bell pepper blossom end rot/bell_pepper_blossom_end_rot_Bing_0025.jpg,bell pepper blossom end rot,fruit,0.95,Sunken necrotic lesions visible on pepper fruits (blossom-end rot)
plantwild_v2/bell pepper blossom end rot/bell_pepper_blossom_end_rot_Bing_0029.jpg,bell pepper blossom end rot,fruit,0.94,Dark sunken lesion on the pepper's surface consistent with blossom-end rot on fruit
plantwild_v2/bell pepper blossom end rot/bell_pepper_blossom_end_rot_Bing_0030.jpg,bell pepper blossom end rot,fruit,0.93,Black sunken necrotic lesion located at the pepper's blossom end on the fruit.
plantwild_v2/bell pepper blossom end rot/bell_pepper_blossom_end_rot_Bing_0033.jpg,bell pepper blossom end rot,fruit,0.93,Brown sunken lesions visible on the blossom end of peppers (fruits)
plantwild_v2/bell pepper blossom end rot/bell_pepper_blossom_end_rot_Bing_0039.jpg,bell pepper blossom end rot,fruit,0.90,Dark sunken necrotic lesion at the blossom end of the pepper (fruit)
plantwild_v2/bell pepper blossom end rot/bell_pepper_blossom_end_rot_Bing_0035.jpg,bell pepper blossom end rot,fruit,0.86,Blossom-end necrotic lesions clearly on the peppers (fruits).
plantwild_v2/bell pepper blossom end rot/bell_pepper_blossom_end_rot_Bing_0041.jpg,bell pepper blossom end rot,fruit,0.94,Clear sunken brown lesions at the blossom end of the pepper (fruit).
plantwild_v2/bell pepper blossom end rot/bell_pepper_blossom_end_rot_Bing_0002.jpg,bell pepper blossom end rot,fruit,0.91,Visible sunken brown lesion on the pepper (fruit) surface consistent with blossom end rot
plantwild_v2/bell pepper blossom end rot/bell_pepper_blossom_end_rot_Bing_0031.jpg,bell pepper blossom end rot,fruit,0.90,Clear necrotic lesions on pepper fruits (blossom-end rot) visible
plantwild_v2/bell pepper blossom end rot/bell_pepper_blossom_end_rot_Bing_0032.jpg,bell pepper blossom end rot,fruit,0.92,Dark sunken necrotic lesions visible on bell pepper fruits (blossom end area).
plantwild_v2/bell pepper blossom end rot/bell_pepper_blossom_end_rot_Bing_0043.jpg,bell pepper blossom end rot,fruit,0.90,Sunken necrotic lesion visible on the pepper fruit's blossom end
plantwild_v2/bell pepper blossom end rot/bell_pepper_blossom_end_rot_Bing_0047.jpg,bell pepper blossom end rot,fruit,0.92,Sunken brown lesion clearly on the bell pepper fruit blossom end
plantwild_v2/bell pepper blossom end rot/bell_pepper_blossom_end_rot_Bing_0046.jpg,bell pepper blossom end rot,fruit,0.93,Clear necrotic sunken lesion on the pepper (fruit) consistent with blossom end rot.
plantwild_v2/bell pepper blossom end rot/bell_pepper_blossom_end_rot_Bing_0036.jpg,bell pepper blossom end rot,fruit,0.93,Dark sunken rot lesion clearly on the blossom end of the pepper fruit
plantwild_v2/bell pepper blossom end rot/bell_pepper_blossom_end_rot_Bing_0050.jpg,bell pepper blossom end rot,fruit,0.90,Dark sunken rot located on the pepper (fruit) surface at blossom end
plantwild_v2/bell pepper blossom end rot/bell_pepper_blossom_end_rot_Bing_0051.jpg,bell pepper blossom end rot,fruit,0.95,Sunken dark lesion visible on the bottom (blossom end) of peppers (fruits).
plantwild_v2/bell pepper blossom end rot/bell_pepper_blossom_end_rot_Bing_0052.jpg,bell pepper blossom end rot,fruit,0.92,Dark sunken lesions visible on the pepper (fruit) surface at blossom end
plantwild_v2/bell pepper blossom end rot/bell_pepper_blossom_end_rot_Bing_0053.jpg,bell pepper blossom end rot,fruit,0.93,Dark sunken lesion on the pepper (fruit) surface consistent with blossom end rot
plantwild_v2/bell pepper blossom end rot/bell_pepper_blossom_end_rot_Bing_0049.jpg,bell pepper blossom end rot,fruit,0.90,Dark sunken necrotic lesion visible on the bell pepper fruit blossom end
plantwild_v2/bell pepper blossom end rot/bell_pepper_blossom_end_rot_Bing_0054.jpg,bell pepper blossom end rot,fruit,0.90,"Visible dark, sunken lesions on bell peppers (fruits) at blossom ends"
plantwild_v2/bell pepper blossom end rot/bell_pepper_blossom_end_rot_Bing_0056.jpg,bell pepper blossom end rot,fruit,0.92,Dark sunken lesions visible on the pepper fruits (blossom end)
plantwild_v2/bell pepper blossom end rot/bell_pepper_blossom_end_rot_Bing_0062.jpg,bell pepper blossom end rot,fruit,0.95,Sunken brown/black lesions visible on bell pepper fruits (blossom end rot)
plantwild_v2/bell pepper blossom end rot/bell_pepper_blossom_end_rot_Bing_0063.jpg,bell pepper blossom end rot,fruit,0.91,Clear sunken necrotic lesion on the pepper (vegetative fruit) surface
plantwild_v2/bell pepper blossom end rot/bell_pepper_blossom_end_rot_Bing_0074.jpg,bell pepper blossom end rot,fruit,0.90,Dark necrotic lesion localized at the pepper's blossom end of the fruit
plantwild_v2/bell pepper blossom end rot/bell_pepper_blossom_end_rot_Bing_0076.jpg,bell pepper blossom end rot,fruit,0.95,Necrotic sunken lesion visible on the pepper (fruit) blossom end
plantwild_v2/bell pepper blossom end rot/bell_pepper_blossom_end_rot_Bing_0077.jpg,bell pepper blossom end rot,fruit,0.95,Large sunken necrotic lesion clearly on the pepper fruit (blossom end)
plantwild_v2/bell pepper blossom end rot/bell_pepper_blossom_end_rot_Bing_0081.jpg,bell pepper blossom end rot,fruit,0.92,Dark sunken necrosis visible at the blossom end of the pepper fruit
plantwild_v2/bell pepper blossom end rot/bell_pepper_blossom_end_rot_Bing_0087.jpg,bell pepper blossom end rot,fruit,0.95,"Brown, sunken lesions located at the blossom/end area of bell peppers (fruit)."
plantwild_v2/bell pepper blossom end rot/bell_pepper_blossom_end_rot_Bing_0089.jpg,bell pepper blossom end rot,fruit,0.87,Brown sunken lesion visible on the pepper (fruit) blossom end
plantwild_v2/bell pepper blossom end rot/bell_pepper_blossom_end_rot_Bing_0083.jpg,bell pepper blossom end rot,fruit,0.90,Sunken/necrotic lesions clearly on the pepper (fruit) blossom end
plantwild_v2/bell pepper blossom end rot/bell_pepper_blossom_end_rot_Bing_0088.jpg,bell pepper blossom end rot,fruit,0.90,Necrotic sunken lesion clearly visible on the pepper fruit blossom end
plantwild_v2/bell pepper blossom end rot/bell_pepper_blossom_end_rot_Bing_0064.jpg,bell pepper blossom end rot,fruit,0.90,Dark necrotic lesions located on the pepper (fruit) surface
plantwild_v2/bell pepper blossom end rot/bell_pepper_blossom_end_rot_Bing_0090.jpg,bell pepper blossom end rot,fruit,0.90,"Sunken, discolored lesion visible on the pepper (fruit) blossom end"
plantwild_v2/bell pepper blossom end rot/bell_pepper_blossom_end_rot_Bing_0058.jpg,bell pepper blossom end rot,fruit,0.90,Sunken brown necrotic lesions visible on pepper fruits at blossom end
plantwild_v2/bell pepper blossom end rot/bell_pepper_blossom_end_rot_Bing_0095.jpg,bell pepper blossom end rot,fruit,0.92,Dark necrotic lesions visible at the blossom ends of peppers (fruits).
plantwild_v2/bell pepper blossom end rot/bell_pepper_blossom_end_rot_Bing_0104.jpg,bell pepper blossom end rot,fruit,0.92,Sunken necrotic lesion clearly on the pepper fruit blossom end
plantwild_v2/bell pepper blossom end rot/bell_pepper_blossom_end_rot_Bing_0109.jpg,bell pepper blossom end rot,fruit,0.92,Dark sunken necrotic lesions clearly on bell pepper fruits (blossom end rot).
plantwild_v2/bell pepper blossom end rot/bell_pepper_blossom_end_rot_Bing_0097.jpg,bell pepper blossom end rot,fruit,0.92,sunken necrotic lesion visible at blossom end of the pepper fruit
plantwild_v2/bell pepper blossom end rot/bell_pepper_blossom_end_rot_Bing_0094.jpg,bell pepper blossom end rot,fruit,0.90,Dark sunken lesions clearly present on the pepper fruit (blossom end rot).
plantwild_v2/bell pepper blossom end rot/bell_pepper_blossom_end_rot_Bing_0112.jpg,bell pepper blossom end rot,fruit,0.95,Black necrotic lesion clearly on the blossom end of the pepper fruit
plantwild_v2/bell pepper blossom end rot/bell_pepper_blossom_end_rot_Bing_0113.jpg,bell pepper blossom end rot,fruit,0.86,Sunken dark necrotic lesion visible at the blossom end of a pepper fruit
plantwild_v2/bell pepper blossom end rot/bell_pepper_blossom_end_rot_Bing_0114.jpg,bell pepper blossom end rot,fruit,0.90,Sunken necrotic lesion visible on the pepper fruit blossom end
plantwild_v2/bell pepper blossom end rot/bell_pepper_blossom_end_rot_Bing_0133.jpg,bell pepper blossom end rot,fruit,0.92,Visible sunken necrotic lesion at the pepper's blossom end on the fruit
plantwild_v2/bell pepper blossom end rot/bell_pepper_blossom_end_rot_Bing_0135.jpg,bell pepper blossom end rot,fruit,0.89,Necrotic sunken lesions visible on the pepper (fruit) blossom end
plantwild_v2/bell pepper blossom end rot/bell_pepper_blossom_end_rot_Bing_0132.jpg,bell pepper blossom end rot,fruit,0.90,Dark sunken lesions visible at blossom ends of peppers (fruits)
plantwild_v2/bell pepper blossom end rot/bell_pepper_blossom_end_rot_Bing_0141.jpg,bell pepper blossom end rot,fruit,0.92,Dark sunken lesions visible on pepper fruits (blossom end rot affects fruit)
plantwild_v2/bell pepper blossom end rot/bell_pepper_blossom_end_rot_Bing_0143.jpg,bell pepper blossom end rot,fruit,0.91,Sunken black necrotic lesion on the pepper (fruit) blossom end
plantwild_v2/bell pepper blossom end rot/bell_pepper_blossom_end_rot_Bing_0153.jpg,bell pepper blossom end rot,fruit,0.84,Sunken brown rot lesion visible on the pepper (bell) fruit surface
plantwild_v2/bell pepper blossom end rot/bell_pepper_blossom_end_rot_Bing_0127.jpg,bell pepper blossom end rot,fruit,0.95,Dark sunken necrotic lesions visible on the bottoms of bell peppers (fruits).
plantwild_v2/bell pepper blossom end rot/bell_pepper_blossom_end_rot_Bing_0151.jpg,bell pepper blossom end rot,fruit,0.92,Sunken brown lesion visible on the pepper fruit (blossom end area).
plantwild_v2/bell pepper blossom end rot/bell_pepper_blossom_end_rot_Bing_0162.jpg,bell pepper blossom end rot,fruit,0.93,Sunken dark necrotic lesion clearly on the pepper fruit (blossom end area).
plantwild_v2/bell pepper blossom end rot/bell_pepper_blossom_end_rot_Bing_0164.jpg,bell pepper blossom end rot,fruit,0.92,Sunken necrotic patch visible on bell pepper (fruit) surface
plantwild_v2/bell pepper blossom end rot/bell_pepper_blossom_end_rot_Bing_0158.jpg,bell pepper blossom end rot,fruit,0.95,Sunken brown necrotic lesion on the pepper (fruit) blossom end
plantwild_v2/bell pepper blossom end rot/bell_pepper_blossom_end_rot_Bing_0163.jpg,bell pepper blossom end rot,fruit,0.92,Sunken dark lesion clearly on the pepper fruit (blossom end area).
plantwild_v2/bell pepper blossom end rot/bell_pepper_blossom_end_rot_Bing_0166.jpg,bell pepper blossom end rot,fruit,0.99,Dark sunken lesion located at the pepper's blossom end on the fruit
plantwild_v2/bell pepper blossom end rot/bell_pepper_blossom_end_rot_Bing_0193.jpg,bell pepper blossom end rot,fruit,0.92,Necrotic sunken lesion clearly on the pepper fruit surface
plantwild_v2/bell pepper blossom end rot/bell_pepper_blossom_end_rot_Bing_0198.jpg,bell pepper blossom end rot,fruit,0.90,Dark sunken necrotic lesions visible at blossom end of pepper fruit
plantwild_v2/bell pepper blossom end rot/bell_pepper_blossom_end_rot_Bing_0196.jpg,bell pepper blossom end rot,fruit,0.90,"Sunken, necrotic lesions clearly on the pepper fruits (blossom ends)"
plantwild_v2/bell pepper blossom end rot/bell_pepper_blossom_end_rot_Bing_0195.jpg,bell pepper blossom end rot,fruit,0.93,Sunken dark lesion visible on pepper fruits (classic blossom-end rot)
plantwild_v2/bell pepper blossom end rot/bell_pepper_blossom_end_rot_Bing_0204.jpg,bell pepper blossom end rot,fruit,0.90,Brown necrotic lesion at the blossom end of the pepper fruit
plantwild_v2/bell pepper blossom end rot/bell_pepper_blossom_end_rot_Bing_0210.jpg,bell pepper blossom end rot,fruit,0.90,Sunken black/brown lesion on the pepper (fruit) surface indicative of blossom-end rot
plantwild_v2/bell pepper blossom end rot/bell_pepper_blossom_end_rot_Bing_0226.jpg,bell pepper blossom end rot,fruit,0.92,"Clear necrotic, sunken lesions visible on the pepper fruit surface"
plantwild_v2/bell pepper blossom end rot/bell_pepper_blossom_end_rot_Bing_0201.jpg,bell pepper blossom end rot,fruit,0.92,Dark sunken necrotic lesion at the blossom end of the pepper (fruit)
plantwild_v2/bell pepper blossom end rot/bell_pepper_blossom_end_rot_Bing_0229.jpg,bell pepper blossom end rot,fruit,0.92,Black sunken rot visible on pepper fruits (blossom end areas)
plantwild_v2/bell pepper blossom end rot/bell_pepper_blossom_end_rot_Bing_0260.jpg,bell pepper blossom end rot,fruit,0.91,Dark sunken lesions clearly on pepper fruits (blossom end area)
plantwild_v2/bell pepper blossom end rot/bell_pepper_blossom_end_rot_Bing_0257.jpg,bell pepper blossom end rot,fruit,0.96,Dark sunken rot visible on the pepper (fruit) blossom end
plantwild_v2/bell pepper blossom end rot/bell_pepper_blossom_end_rot_Google_0040.jpg,bell pepper blossom end rot,fruit,0.90,Sunken necrotic lesion visible on the pepper fruit's blossom end
plantwild_v2/bell pepper blossom end rot/bell_pepper_blossom_end_rot_Google_0039.jpg,bell pepper blossom end rot,fruit,0.90,Sunken brown necrotic lesion on the pepper (fruit) blossom end
plantwild_v2/bell pepper blossom end rot/bell_pepper_blossom_end_rot_Google_0058.jpg,bell pepper blossom end rot,fruit,0.92,Dark sunken necrotic lesions clearly on pepper fruits (blossom end rot)
plantwild_v2/bell pepper blossom end rot/bell_pepper_blossom_end_rot_Google_0044.jpg,bell pepper blossom end rot,fruit,0.90,Brown sunken lesions visible on pepper fruits (blossom end rot)
plantwild_v2/bell pepper blossom end rot/bell_pepper_blossom_end_rot_Google_0071.jpg,bell pepper blossom end rot,fruit,0.90,Sunken dark lesion visible at the fruit's blossom end
plantwild_v2/bell pepper blossom end rot/bell_pepper_blossom_end_rot_Google_0081.jpg,bell pepper blossom end rot,fruit,0.92,Sunken brown necrotic lesion clearly on the pepper fruit (blossom end)
plantwild_v2/bell pepper blossom end rot/bell_pepper_blossom_end_rot_Google_0082.jpg,bell pepper blossom end rot,fruit,0.95,Sunken necrotic lesion visible on the pepper fruit's blossom end
plantwild_v2/bell pepper blossom end rot/bell_pepper_blossom_end_rot_Google_0101.jpg,bell pepper blossom end rot,fruit,0.93,Dark sunken necrotic lesions present on the bell peppers (fruits) only.
plantwild_v2/bell pepper blossom end rot/bell_pepper_blossom_end_rot_Google_0165.jpg,bell pepper blossom end rot,fruit,0.92,Sunken dark necrotic lesion visible on the pepper (fruit) blossom end
plantwild_v2/bell pepper blossom end rot/bell_pepper_blossom_end_rot_Google_0115.jpg,bell pepper blossom end rot,fruit,0.95,Sunken dark necrotic lesion visible on the pepper (fruit) surface
plantwild_v2/bell pepper blossom end rot/bell_pepper_blossom_end_rot_Google_0116.jpg,bell pepper blossom end rot,fruit,0.90,Brown sunken lesions are visible on the pepper fruits' blossom ends
plantwild_v2/bell pepper blossom end rot/bell_pepper_blossom_end_rot_Google_0093.jpg,bell pepper blossom end rot,fruit,0.92,Brown necrotic lesions present at the blossom end of peppers (fruits).
plantwild_v2/bell pepper blossom end rot/bell_pepper_blossom_end_rot_Google_0207.jpg,bell pepper blossom end rot,fruit,0.92,Sunken brown lesion visible at the blossom end of the pepper fruit
plantwild_v2/bell pepper blossom end rot/bell_pepper_blossom_end_rot_Google_0209.jpg,bell pepper blossom end rot,fruit,0.92,Sunken necrotic lesion visible at the pepper's blossom end on the fruit
plantwild_v2/bell pepper blossom end rot/bell_pepper_blossom_end_rot_Google_0247.jpg,bell pepper blossom end rot,fruit,0.88,Brown sunken rot visible at blossom end of bell peppers (fruits)
plantwild_v2/bell pepper blossom end rot/bell_pepper_blossom_end_rot_Google_0231.jpg,bell pepper blossom end rot,fruit,0.90,Brown sunken rot visible on the blossom end of bell pepper fruits
plantwild_v2/bell pepper blossom end rot/bell_pepper_blossom_end_rot_Google_0258.jpg,bell pepper blossom end rot,fruit,0.90,Sunken necrotic lesion visible on the pepper (fruit) blossom end
plantwild_v2/bell pepper blossom end rot/bell_pepper_blossom_end_rot_Google_0292.jpg,bell pepper blossom end rot,fruit,0.90,Dark sunken lesions visible on pepper fruits (blossom end rot)
plantwild_v2/bell pepper blossom end rot/bell_pepper_blossom_end_rot_Google_0327.jpg,bell pepper blossom end rot,fruit,0.90,Dark sunken rot clearly visible on pepper fruits (blossom end)
plantwild_v2/bell pepper blossom end rot/bell_pepper_blossom_end_rot_Google_0293.jpg,bell pepper blossom end rot,fruit,0.92,Dark sunken lesion clearly on the pepper (fruit) blossom end
plantwild_v2/bell pepper blossom end rot/bell_pepper_blossom_end_rot_Google_0089.jpg,bell pepper blossom end rot,fruit,0.90,Brown sunken lesions visible on the pepper fruits (blossom end)
plantwild_v2/bell pepper blossom end rot/bell_pepper_blossom_end_rot_Google_0352.jpg,bell pepper blossom end rot,fruit,0.90,Sunken necrotic lesion visible on the pepper fruit blossom end
plantwild_v2/blueberry anthracnose/blueberry_anthracnose_Bing_0001.jpg,blueberry anthracnose,fruit,0.88,orange/brown lesions visible on blueberry fruits
plantwild_v2/blueberry anthracnose/blueberry_anthracnose_Bing_0000.jpg,blueberry anthracnose,fruit,0.91,orange fungal lesions clearly on blueberry berries/fruit surface
plantwild_v2/bell pepper blossom end rot/bell_pepper_blossom_end_rot_Google_0396.jpg,bell pepper blossom end rot,fruit,0.96,Dark sunken rot visible on pepper fruits' blossom end
plantwild_v2/blueberry anthracnose/blueberry_anthracnose_Bing_0002.jpg,blueberry anthracnose,fruit,0.90,Visible lesions and rotting present on berries (fruits) in the photo
plantwild_v2/blueberry anthracnose/blueberry_anthracnose_Bing_0003.jpg,blueberry anthracnose,fruit,0.90,Visible lesions and orange spore mass on blueberry berries (fruits)
plantwild_v2/blueberry anthracnose/blueberry_anthracnose_Bing_0005.jpg,blueberry anthracnose,fruit,0.92,Visible lesions and spore clusters on blueberry fruits/berries
plantwild_v2/blueberry anthracnose/blueberry_anthracnose_Bing_0004.jpg,blueberry anthracnose,fruit,0.90,"Shriveled, discolored and rotting blueberry berries clearly symptomatic"
plantwild_v2/blueberry anthracnose/blueberry_anthracnose_Bing_0006.jpg,blueberry anthracnose,fruit,0.93,Visible berries show clear rot lesions and fungal sporulation
plantwild_v2/blueberry anthracnose/blueberry_anthracnose_Bing_0017.jpg,blueberry anthracnose,fruit,0.90,Visible lesions and rotting on multiple blueberry fruits/berries
plantwild_v2/blueberry anthracnose/blueberry_anthracnose_Bing_0011.jpg,blueberry anthracnose,fruit,0.90,Visible necrotic/rot lesions on multiple blueberry berries (fruits)
plantwild_v2/blueberry anthracnose/blueberry_anthracnose_Bing_0027.jpg,blueberry anthracnose,fruit,0.92,Visible orange fungal lesions and pustules on a blueberry berry (fruit)
plantwild_v2/blueberry anthracnose/blueberry_anthracnose_Bing_0018.jpg,blueberry anthracnose,fruit,0.94,Visible lesions and fungal growth on blueberry berry surface
plantwild_v2/blueberry anthracnose/blueberry_anthracnose_Bing_0008.jpg,blueberry anthracnose,fruit,0.86,Lesions and rot visible on berries; leaves and stems appear healthy.
plantwild_v2/blueberry anthracnose/blueberry_anthracnose_Bing_0029.jpg,blueberry anthracnose,fruit,0.93,Sunken brown/black lesions clearly visible on berries (bluefruit) not on leaves or stems
plantwild_v2/blueberry anthracnose/blueberry_anthracnose_Bing_0028.jpg,blueberry anthracnose,flower;fruit,0.82,Visible sunken/shriveled berries and darkened/blighted blossoms
plantwild_v2/blueberry anthracnose/blueberry_anthracnose_Bing_0007.jpg,blueberry anthracnose,fruit,0.90,"Visible lesions, rot and spore masses on multiple blueberries (fruits)"
plantwild_v2/blueberry anthracnose/blueberry_anthracnose_Bing_0040.jpg,blueberry anthracnose,fruit,0.91,Visible shriveled berries with orange spore masses on the fruit surface
plantwild_v2/blueberry anthracnose/blueberry_anthracnose_Bing_0037.jpg,blueberry anthracnose,fruit,0.90,Lesions and discoloration clearly visible on the blueberry fruit surface
plantwild_v2/blueberry anthracnose/blueberry_anthracnose_Bing_0041.jpg,blueberry anthracnose,fruit,0.90,"Sunken, discolored, rotting lesions clearly visible on berries (fruits)."
plantwild_v2/blueberry anthracnose/blueberry_anthracnose_Bing_0052.jpg,blueberry anthracnose,fruit,0.92,Visible sunken brown/necrotic lesions on blueberry berries (fruits)
plantwild_v2/blueberry anthracnose/blueberry_anthracnose_Bing_0058.jpg,blueberry anthracnose,fruit,0.93,Visible lesions and rot on blueberry berry (fruit) surface
plantwild_v2/blueberry anthracnose/blueberry_anthracnose_Bing_0053.jpg,blueberry anthracnose,fruit,0.96,Orange lesions and rot visible on the blueberry berry (fruit) surface
plantwild_v2/blueberry anthracnose/blueberry_anthracnose_Bing_0055.jpg,blueberry anthracnose,fruit,0.90,"Shriveled, rotted lesions clearly present on blueberries (fruits)"
plantwild_v2/blueberry anthracnose/blueberry_anthracnose_Bing_0063.jpg,blueberry anthracnose,fruit,0.86,Visible lesions and rot on blueberry fruits/berries
plantwild_v2/blueberry anthracnose/blueberry_anthracnose_Bing_0059.jpg,blueberry anthracnose,fruit,0.95,Lesions and fungal sporulation visible on the surface of a blueberry fruit
plantwild_v2/blueberry anthracnose/blueberry_anthracnose_Bing_0079.jpg,blueberry anthracnose,fruit,0.90,Visible lesions and rot on blueberry berries (fruits) held in hand
plantwild_v2/blueberry anthracnose/blueberry_anthracnose_Bing_0078.jpg,blueberry anthracnose,fruit,0.93,Orange fungal lesions and decay clearly on the blueberry fruit surface
plantwild_v2/blueberry anthracnose/blueberry_anthracnose_Bing_0100.jpg,blueberry anthracnose,fruit,0.90,Visible blueberry berry with characteristic lesions and sporulating acervuli on surface
plantwild_v2/blueberry anthracnose/blueberry_anthracnose_Bing_0109.jpg,blueberry anthracnose,fruit,0.90,Orange pustules and necrosis clearly on blueberry berry/fruit
plantwild_v2/blueberry anthracnose/blueberry_anthracnose_Bing_0067.jpg,blueberry anthracnose,fruit,0.90,Visible sunken/necrotic lesions on berries (blueberry fruits)
plantwild_v2/blueberry anthracnose/blueberry_anthracnose_Bing_0095.jpg,blueberry anthracnose,fruit,0.86,visible lesions and rot on the berries (blueberry fruits)
plantwild_v2/blueberry anthracnose/blueberry_anthracnose_Bing_0108.jpg,blueberry anthracnose,fruit,0.90,Visible lesion/rot and discoloration on the blueberry (berry) held in hand.
plantwild_v2/blueberry anthracnose/blueberry_anthracnose_Bing_0113.jpg,blueberry anthracnose,fruit,0.90,Visible orange pustules and lesions located on blueberry berries (fruits).
plantwild_v2/blueberry anthracnose/blueberry_anthracnose_Bing_0114.jpg,blueberry anthracnose,fruit,0.90,Sunken brown/orange necrotic lesions clearly present on the berries
plantwild_v2/blueberry anthracnose/blueberry_anthracnose_Bing_0128.jpg,blueberry anthracnose,fruit,0.95,Visible lesions and discoloration on berries (fruits) clearly symptomatic
plantwild_v2/blueberry anthracnose/blueberry_anthracnose_Bing_0115.jpg,blueberry anthracnose,fruit,0.90,Sunken dark lesions and rot visible on multiple berries
plantwild_v2/blueberry anthracnose/blueberry_anthracnose_Bing_0135.jpg,blueberry anthracnose,fruit,0.87,orange pustules and lesion on a blueberry/berry surface indicating fruit infection
plantwild_v2/blueberry anthracnose/blueberry_anthracnose_Bing_0145.jpg,blueberry anthracnose,fruit,0.93,Visible lesions and orange fungal sporulation on berries (fruits)
plantwild_v2/blueberry anthracnose/blueberry_anthracnose_Bing_0141.jpg,blueberry anthracnose,fruit,0.90,Shriveled berry with orange spore masses clearly on the fruit
plantwild_v2/blueberry anthracnose/blueberry_anthracnose_Google_0169.jpg,blueberry anthracnose,fruit,0.90,Brown/orange necrotic lesions clearly visible on multiple berries (fruits).
plantwild_v2/blueberry anthracnose/blueberry_anthracnose_Google_0126.jpg,blueberry anthracnose,fruit,0.90,"Visible berry with lesions, pustules and necrotic areas indicating infection on fruit"
plantwild_v2/blueberry botrytis blight/blueberry_botrytis_blight_Bing_0002.jpg,blueberry botrytis blight,fruit,0.95,Fuzzy gray mold and lesions clearly present on berries (fruits)
plantwild_v2/blueberry botrytis blight/blueberry_botrytis_blight_Bing_0004.jpg,blueberry botrytis blight,flower,0.87,"Blighted, necrotic browned individual blossoms/flowers visible on the cluster"
plantwild_v2/blueberry botrytis blight/blueberry_botrytis_blight_Bing_0011.jpg,blueberry botrytis blight,inflorescence;fruit,0.86,withered flower cluster and rotting/necrotic berries visible
plantwild_v2/blueberry botrytis blight/blueberry_botrytis_blight_Bing_0001.jpg,blueberry botrytis blight,inflorescence,0.86,Blighted dried flower clusters with fungal growth on the flower/inflorescence remnants
plantwild_v2/blueberry botrytis blight/blueberry_botrytis_blight_Bing_0015.jpg,blueberry botrytis blight,flower;inflorescence,0.92,"Shriveled, brown necrotic blossoms visible on flower clusters (inflorescences)."
plantwild_v2/blueberry botrytis blight/blueberry_botrytis_blight_Bing_0012.jpg,blueberry botrytis blight,flower;fruit,0.87,brown necrotic petals and rot on developing berries visible
plantwild_v2/blueberry botrytis blight/blueberry_botrytis_blight_Bing_0003.jpg,blueberry botrytis blight,flower;fruit,0.86,gray fuzzy mold on dried blossoms and on nearby berry/fruit remnants
plantwild_v2/blueberry botrytis blight/blueberry_botrytis_blight_Bing_0017.jpg,blueberry botrytis blight,inflorescence,0.83,dried/shriveled clusters of blossoms showing necrosis and fungal growth
plantwild_v2/blueberry botrytis blight/blueberry_botrytis_blight_Bing_0018.jpg,blueberry botrytis blight,flower,0.86,Withered brown dead blossoms clearly visible on individual flowers in the cluster
plantwild_v2/blueberry botrytis blight/blueberry_botrytis_blight_Bing_0019.jpg,blueberry botrytis blight,fruit,0.92,"Shriveled, moldy berries clearly symptomatic of botrytis blight on fruits"
plantwild_v2/blueberry botrytis blight/blueberry_botrytis_blight_Bing_0020.jpg,blueberry botrytis blight,leaf,0.90,"Brown necrotic, curled lesions clearly on leaf blades"
plantwild_v2/blueberry botrytis blight/blueberry_botrytis_blight_Bing_0026.jpg,blueberry botrytis blight,fruit,0.86,White fuzzy mold visible on berries (fruits) clearly symptomatic
plantwild_v2/blueberry botrytis blight/blueberry_botrytis_blight_Bing_0021.jpg,blueberry botrytis blight,flower;fruit,0.85,"Brown, shriveled/blighted blossoms and adjacent developing berries show symptoms"
plantwild_v2/blueberry botrytis blight/blueberry_botrytis_blight_Bing_0028.jpg,blueberry botrytis blight,inflorescence,0.88,"Desiccated, brown mummified flower cluster visible at stem tip (blighted inflorescence)"
plantwild_v2/blueberry botrytis blight/blueberry_botrytis_blight_Bing_0033.jpg,blueberry botrytis blight,flower,0.90,Gray fungal growth on spent blossoms/petals clearly visible
plantwild_v2/blueberry botrytis blight/blueberry_botrytis_blight_Bing_0025.jpg,blueberry botrytis blight,flower;inflorescence,0.85,clusters of browned dead blossoms and individual dried flowers on the branch
plantwild_v2/blueberry botrytis blight/blueberry_botrytis_blight_Bing_0035.jpg,blueberry botrytis blight,flower;inflorescence,0.89,"withered, brown blossoms and fuzzy gray sporulation on flower cluster buds"
plantwild_v2/blueberry botrytis blight/blueberry_botrytis_blight_Bing_0036.jpg,blueberry botrytis blight,flower;fruit,0.90,Necrotic/blighted flower remnants and rotting/brown lesions visible on developing fruits
plantwild_v2/blueberry botrytis blight/blueberry_botrytis_blight_Bing_0040.jpg,blueberry botrytis blight,flower;inflorescence,0.80,"necrotic, brown shriveled blossoms on the flower cluster (inflorescence)"
plantwild_v2/blueberry botrytis blight/blueberry_botrytis_blight_Bing_0041.jpg,blueberry botrytis blight,flower;fruit,0.85,Discolored/rotting berries and dried/browned flower remnants visible on cluster
plantwild_v2/blueberry botrytis blight/blueberry_botrytis_blight_Bing_0137.jpg,blueberry botrytis blight,flower,0.85,"Brown, blighted individual blossoms clearly visible on the flower cluster"
plantwild_v2/blueberry botrytis blight/blueberry_botrytis_blight_Bing_0065.jpg,blueberry botrytis blight,inflorescence,0.86,"Brown, shriveled clustered blossoms visible (blighted flower cluster)."
plantwild_v2/blueberry botrytis blight/blueberry_botrytis_blight_Bing_0071.jpg,blueberry botrytis blight,flower;inflorescence,0.90,Blighted flower buds and clustered inflorescences show necrosis and browning
plantwild_v2/blueberry botrytis blight/blueberry_botrytis_blight_Bing_0167.jpg,blueberry botrytis blight,leaf;fruit,0.85,Brown rotted berries and necrotic/wilted leaf tissue visible on the shoot
plantwild_v2/blueberry botrytis blight/blueberry_botrytis_blight_Bing_0149.jpg,blueberry botrytis blight,flower;inflorescence,0.89,"moldy, blighted blossoms and a diseased flower cluster clearly visible"
plantwild_v2/blueberry botrytis blight/blueberry_botrytis_blight_Bing_0158.jpg,blueberry botrytis blight,flower;fruit,0.88,Withered brown blossoms and browning/decayed berries visible on clusters
plantwild_v2/blueberry botrytis blight/blueberry_botrytis_blight_Google_0039.jpg,blueberry botrytis blight,flower;inflorescence,0.90,"Dried, necrotic flowers visible in a clustered inflorescence"
plantwild_v2/blueberry botrytis blight/blueberry_botrytis_blight_Google_0180.jpg,blueberry botrytis blight,leaf;stem;flower,0.90,"Necrotic/blighted flowers, leaf lesions/necrosis, and affected stems visible"
plantwild_v2/blueberry botrytis blight/blueberry_botrytis_blight_Google_0098.jpg,blueberry botrytis blight,flower;inflorescence,0.90,"Brown, necrotic petals on individual blooms and surrounding flower cluster"
plantwild_v2/blueberry botrytis blight/blueberry_botrytis_blight_Google_0087.jpg,blueberry botrytis blight,flower;fruit,0.92,shrivelled/discolored berries and browned dried flower parts with fungal growth
plantwild_v2/blueberry botrytis blight/blueberry_botrytis_blight_Google_0224.jpg,blueberry botrytis blight,leaf;flower,0.78,withered brown blossoms and visible brown lesions/spots on nearby leaves
plantwild_v2/blueberry botrytis blight/blueberry_botrytis_blight_Google_0071.jpg,blueberry botrytis blight,inflorescence;fruit,0.92,withering/brown blossom cluster and shriveled/necrotic berries visible
plantwild_v2/blueberry botrytis blight/blueberry_botrytis_blight_Bing_0058.jpg,blueberry botrytis blight,inflorescence,0.86,"Clusters of browned, blighted flowers/flower clusters visible on the twig"
plantwild_v2/carrot bacterial soft rot/wsu_carrot-bacterial-soft-rot-10L.jpg,carrot bacterial soft rot,stem;root,0.86,dark soft rot at root crown and adjacent lower stems
plantwild_v2/blueberry botrytis blight/blueberry_botrytis_blight_Google_0237.jpg,blueberry botrytis blight,flower,0.87,withered brown petals and dead blossoms visible on individual flowers
plantwild_v2/carrot bacterial soft rot/wsu_carrot-bacterial-soft-rot-7L.jpg,carrot bacterial soft rot,root,0.90,"Visible softened, macerated carrot taproot tissue with rot symptoms"
plantwild_v2/carrot bacterial soft rot/wsu_carrot-bacterial-soft-rot-11L.jpg,carrot bacterial soft rot,root,0.90,"severe soft, decayed carrot taproots clearly visible"
plantwild_v2/blueberry botrytis blight/blueberry_botrytis_blight_Google_0345.jpg,blueberry botrytis blight,flower;fruit,0.85,Brown shriveled blossoms and developing berries visible on the flower clusters
plantwild_v2/carrot bacterial soft rot/wsu_carrot-bacterial-soft-rot-6L.jpg,carrot bacterial soft rot,root,0.93,"Visible soft, discolored, decayed lesions on the carrot taproot surface"
plantwild_v2/blueberry botrytis blight/blueberry_botrytis_blight_Google_0135.jpg,blueberry botrytis blight,flower;fruit,0.70,withered blossoms and a shriveled berry visible in the cluster
plantwild_v2/carrot bacterial soft rot/wsu_carrot-bacterial-soft-rot-8L.jpg,carrot bacterial soft rot,leaf,0.75,Visible symptoms on foliage/leaf blades across rows; roots not visible
plantwild/images/carrot cavity spot/1.jpg,carrot cavity spot,root,0.93,Distinct necrotic spots and lesions visible on carrot taproots' surface
plantwild/images/carrot cavity spot/google_0001.jpg,carrot cavity spot,root,0.95,Visible cavities and lesions on a carrot taproot surface
plantwild_v2/carrot bacterial soft rot/wsu_carrot-bacterial-soft-rot-9L.jpg,carrot bacterial soft rot,leaf;root,0.86,wilted/necrotic basal leaves and rotting/tapered carrot root crown visible
plantwild/images/carrot cavity spot/google_0002.jpg,carrot cavity spot,root,0.90,Distinct cavity spots visible on carrot taproots (roots) surface
plantwild_v2/carrot bacterial soft rot/wsu_dg87L.jpg,carrot bacterial soft rot,root,0.92,"Rotting, discolored carrot taproots/root crowns clearly visible"
plantwild/images/carrot cavity spot/google_0000.jpg,carrot cavity spot,root,0.93,Dark lesions and cavities visible on carrot taproots (root surfaces)
plantwild/images/carrot cavity spot/google_0003.jpg,carrot cavity spot,root,0.92,Cavity-like lesions visible on carrot taproots' surface
plantwild/images/carrot cavity spot/google_0006.jpg,carrot cavity spot,root,0.90,Dark small lesions and surface cavities visible on carrot taproots
plantwild/images/carrot cavity spot/google_0012.jpg,carrot cavity spot,root,0.92,Dark sunken/cavity spots visible on carrot taproots
plantwild/images/carrot cavity spot/google_0015.jpg,carrot cavity spot,root,0.94,Visible necrotic lesion on the carrot taproot surface (carrot root)
plantwild/images/carrot cavity spot/google_0004.jpg,carrot cavity spot,root,0.92,Visible lesions and pitting on carrot taproots consistent with cavity spot
plantwild/images/carrot cavity spot/google_0022.jpg,carrot cavity spot,root,0.95,Visible dark/necrotic spots and cavities on carrot taproots' surfaces
plantwild/images/carrot cavity spot/google_0024.jpg,carrot cavity spot,root,0.90,Dark pitted lesions visible on carrot taproots (roots) in the image.
plantwild/images/carrot cavity spot/google_0013.jpg,carrot cavity spot,root,0.92,Visible pits and lesions on carrot taproot surfaces (cavity spots)
plantwild/images/carrot cavity spot/google_0025.jpg,carrot cavity spot,root,0.95,Dark small lesions visible on carrot taproot surfaces consistent with cavity spot
plantwild/images/carrot cavity spot/google_0027.jpg,carrot cavity spot,root,0.94,Visible lesions and cracking on carrot taproots consistent with cavity spot
plantwild/images/carrot cavity spot/google_0026.jpg,carrot cavity spot,root,0.90,Visible lesions and cavities on carrot taproots (root surfaces)
plantwild/images/carrot cavity spot/google_0031.jpg,carrot cavity spot,root,0.95,Visible carrot taproot with clear dark sunken cavity lesions
plantwild/images/carrot cavity spot/google_0033.jpg,carrot cavity spot,root,0.90,Lesions and cavities clearly visible on carrot taproots
plantwild/images/carrot cavity spot/google_0034.jpg,carrot cavity spot,root,0.95,Visible carrot taproot with lesions/cavity spots on the root surface
plantwild/images/carrot cavity spot/google_0035.jpg,carrot cavity spot,root,0.89,Visible lesions and pits on carrot taproots (cavity spots)
plantwild/images/carrot cavity spot/google_0043.jpg,carrot cavity spot,root,0.92,Visible cavity spots on carrot taproot surfaces
plantwild/images/carrot cavity spot/google_0063.jpg,carrot cavity spot,root,0.90,Visible small lesions and pits on carrot taproots indicative of cavity spot
plantwild/images/carrot cavity spot/google_0075.jpg,carrot cavity spot,root,0.89,Visible dark pits and lesions on carrot taproots' surfaces
plantwild/images/carrot cavity spot/google_0089.jpg,carrot cavity spot,root,0.89,Visible lesions and spots on the carrot taproots (root crowns/taproots)
plantwild/images/carrot cavity spot/google_0039.jpg,carrot cavity spot,root,0.92,Visible lesions and cavities on the carrot taproot surface
plantwild/images/carrot cavity spot/google_0093.jpg,carrot cavity spot,root,0.92,Visible lesions and cavities on carrot taproots (root surfaces)
plantwild/images/carrot cavity spot/google_0029.jpg,carrot cavity spot,root,0.90,Dark sunken spots visible on taproot (carrot) surfaces
plantwild/images/carrot cavity spot/google_0090.jpg,carrot cavity spot,root,0.96,Lesions and cavities visible on the carrot taproot surface
plantwild/images/carrot cavity spot/google_0095.jpg,carrot cavity spot,root,0.92,Lesions and cavities visible on the carrot taproot surface
plantwild/images/carrot cavity spot/google_0008.jpg,carrot cavity spot,root,0.95,Dark necrotic lesions visible on carrot taproot surfaces
plantwild/images/carrot cavity spot/google_0122.jpg,carrot cavity spot,root,0.90,Visible lesions on carrot taproots (cavity spots)
plantwild/images/carrot cavity spot/google_0133.jpg,carrot cavity spot,root,0.93,Visible cavities/holes on the carrot taproot surface
plantwild/images/carrot cavity spot/google_0108.jpg,carrot cavity spot,root,0.86,Dark pits and lesions visible on carrot taproot surfaces (cavity spots).
plantwild/images/carrot cavity spot/google_0100.jpg,carrot cavity spot,root,0.90,Visible lesions and cavities on the carrot taproot surface
plantwild/images/carrot cavity spot/google_0137.jpg,carrot cavity spot,root,0.92,Dark circular lesions visible on carrot taproots (root surfaces)
plantwild/images/carrot cavity spot/google_0136.jpg,carrot cavity spot,root,0.93,Visible lesions and decay on carrot taproots (root surfaces)
plantwild/images/carrot cavity spot/google_0138.jpg,carrot cavity spot,root,0.90,Visible lesions and cavities on carrot taproots (root surfaces)
plantwild/images/carrot cavity spot/google_0151.jpg,carrot cavity spot,root,0.92,Visible lesions and spots on carrot taproots consistent with cavity spot
plantwild/images/carrot cavity spot/google_0161.jpg,carrot cavity spot,root,0.90,Visible lesions and cavities on carrot taproots (root surfaces)
plantwild/images/carrot cavity spot/google_0140.jpg,carrot cavity spot,root,0.92,Visible dark lesions and surface damage on carrot taproot surfaces
plantwild/images/carrot cavity spot/google_0152.jpg,carrot cavity spot,root,0.92,Visible dark lesions and cavities on the carrot taproot surface
plantwild/images/carrot cavity spot/google_0171.jpg,carrot cavity spot,root,0.95,Visible cavities and lesions on carrot taproots exposed in soil
plantwild/images/carrot cavity spot/google_0177.jpg,carrot cavity spot,root,0.89,Visible lesions and blemishes on the carrot taproot surface
plantwild/images/carrot cavity spot/google_0180.jpg,carrot cavity spot,root,0.95,Visible small sunken lesions on carrot taproots (cavities)
plantwild/images/carrot cavity spot/google_0184.jpg,carrot cavity spot,root,0.90,Visible lesions and discoloration on a carrot-type root (taproot)
plantwild/images/carrot cavity spot/google_0192.jpg,carrot cavity spot,root,0.90,Visible lesions and spots on carrot taproot surfaces
plantwild/images/carrot cavity spot/google_0186.jpg,carrot cavity spot,root,0.92,Visible lesions and pits on carrot taproots (root surface)
plantwild/images/carrot cavity spot/google_0193.jpg,carrot cavity spot,root,0.98,"Brown, sunken lesions visible on carrot taproots (cavity spot symptoms)"
plantwild/images/carrot cavity spot/google_0199.jpg,carrot cavity spot,root,0.90,Dark small sunken spots visible on the carrot taproot surface
plantwild/images/carrot cavity spot/google_0160.jpg,carrot cavity spot,root,0.90,Visible lesions and surface damage on carrot taproots (root storage organs)
plantwild/images/carrot cavity spot/google_0200.jpg,carrot cavity spot,root,0.90,Visible carrot taproots showing surface lesions and cavities
plantwild/images/carrot cavity spot/google_0190.jpg,carrot cavity spot,root,0.92,Lesions and cavities clearly visible on carrot taproots
plantwild/images/carrot cavity spot/google_0205.jpg,carrot cavity spot,root,0.90,Visible lesions and cavities on carrot taproots (underground root portions)
plantwild/images/carrot cavity spot/google_0206.jpg,carrot cavity spot,root,0.90,Visible carrot roots show lesions/cavities consistent with disease symptoms
plantwild/images/carrot cavity spot/google_0208.jpg,carrot cavity spot,root,0.90,Visible dark elongated lesions and pits on carrot taproots
plantwild/images/carrot cavity spot/google_0202.jpg,carrot cavity spot,root,0.90,Visible lesions and spots on the carrot taproot surface
plantwild/images/carrot cavity spot/google_0218.jpg,carrot cavity spot,root,0.90,Visible depressions and lesions on a carrot taproot surface
plantwild/images/carrot cavity spot/google_0224.jpg,carrot cavity spot,root,0.93,Visible lesions and cavities on carrot taproots (roots)
plantwild/images/carrot cavity spot/google_0232.jpg,carrot cavity spot,root,0.90,Lesions and discoloration visible on the carrot taproot surface
plantwild/images/carrot cavity spot/google_0229.jpg,carrot cavity spot,root,0.90,Dark small lesions visible on carrot taproot surface consistent with cavity spots
plantwild/images/carrot cavity spot/google_0235.jpg,carrot cavity spot,root,0.90,Dark lesions and cavities clearly visible on carrot taproots
plantwild/images/carrot cavity spot/google_0236.jpg,carrot cavity spot,root,0.93,Dark sunken spots and lesions visible on carrot taproots (roots)
plantwild/images/carrot cavity spot/google_0250.jpg,carrot cavity spot,root,0.90,Dark sunken lesions visible on carrot taproots (root surfaces)
plantwild/images/carrot cavity spot/google_0245.jpg,carrot cavity spot,root,0.95,Dark circular lesions visible on carrot taproots (root surfaces)
plantwild/images/carrot cavity spot/google_0269.jpg,carrot cavity spot,root,0.95,"Dark, sunken lesions clearly on carrot taproots (roots) visible in image."
plantwild/images/carrot cavity spot/google_0211.jpg,carrot cavity spot,root,0.90,Visible lesions on a carrot-type taproot surface (cavity spots)
plantwild/images/carrot cavity spot/google_0257.jpg,carrot cavity spot,root,0.90,Visible lesions/blemishes on carrot taproots (roots) clearly present
plantwild/images/carrot cavity spot/google_0277.jpg,carrot cavity spot,root,0.86,Dark lesions and spots visible on carrot taproots (root surfaces)
plantwild/images/carrot cavity spot/google_0270.jpg,carrot cavity spot,root,0.95,Dark lesions and pits visible on carrot taproots (roots) surfaces.
plantwild/images/carrot cavity spot/google_0247.jpg,carrot cavity spot,root,0.90,Visible lesions and discoloration on carrot taproots (underground storage roots)
plantwild/images/carrot cavity spot/google_0278.jpg,carrot cavity spot,root,0.93,Visible lesions and dark spots on the carrot taproot surface
plantwild/images/carrot cavity spot/google_0281.jpg,carrot cavity spot,root,0.92,Lesions and surface cavities clearly visible on carrot taproots
plantwild/images/carrot cavity spot/google_0279.jpg,carrot cavity spot,root,0.90,Brown cavity spots visible on the carrot/parsnip taproots
plantwild/images/carrot cavity spot/google_0282.jpg,carrot cavity spot,root,0.95,Dark circular lesions clearly present on carrot taproots
plantwild/images/carrot cavity spot/google_0288.jpg,carrot cavity spot,root,0.95,Visible lesions and cavities on a carrot taproot surface
plantwild_v2/cauliflower bacterial soft rot/cauliflower_bacterial_soft_rot_Bing_0003.jpg,cauliflower bacterial soft rot,inflorescence,0.92,"Brown, rotted lesions visible on the cauliflower curd (flower head/inflorescence)"
plantwild_v2/cauliflower bacterial soft rot/cauliflower_bacterial_soft_rot_Bing_0001.jpg,cauliflower bacterial soft rot,inflorescence,0.90,Rot and discoloration clearly on the cauliflower curd (flower head/inflorescence)
plantwild_v2/cauliflower bacterial soft rot/cauliflower_bacterial_soft_rot_Bing_0008.jpg,cauliflower bacterial soft rot,inflorescence,0.90,"Brown, rotting lesions visible on the cauliflower curd (flower head/inflorescence)"
plantwild_v2/cauliflower bacterial soft rot/cauliflower_bacterial_soft_rot_Bing_0009.jpg,cauliflower bacterial soft rot,inflorescence,0.90,"Brown, rotting lesions on cauliflower curd and florets (head/cluster)"
plantwild_v2/cauliflower bacterial soft rot/cauliflower_bacterial_soft_rot_Bing_0012.jpg,cauliflower bacterial soft rot,inflorescence,0.92,"Rotten, discolored cauliflower curd (head) clearly affected"
plantwild_v2/cauliflower bacterial soft rot/cauliflower_bacterial_soft_rot_Bing_0021.jpg,cauliflower bacterial soft rot,inflorescence,0.90,rot and discoloration clearly on the cauliflower curd/flower head
plantwild_v2/cauliflower bacterial soft rot/cauliflower_bacterial_soft_rot_Bing_0004.jpg,cauliflower bacterial soft rot,inflorescence,0.88,"Brown, decayed lesions on the cauliflower curd (flower head/inflorescence)"
plantwild_v2/cauliflower bacterial soft rot/cauliflower_bacterial_soft_rot_Bing_0016.jpg,cauliflower bacterial soft rot,inflorescence,0.91,Rot and decay visible on cauliflower curd (inflorescence) not on leaves or stems
plantwild_v2/cauliflower bacterial soft rot/cauliflower_bacterial_soft_rot_Bing_0000.jpg,cauliflower bacterial soft rot,inflorescence,0.92,Rot and discoloration clearly on the cauliflower curd/flower head
plantwild_v2/cauliflower bacterial soft rot/cauliflower_bacterial_soft_rot_Bing_0029.jpg,cauliflower bacterial soft rot,inflorescence,0.92,"Rotting, discolored cauliflower curd (curd is an inflorescence) clearly affected"
plantwild_v2/cauliflower bacterial soft rot/cauliflower_bacterial_soft_rot_Bing_0033.jpg,cauliflower bacterial soft rot,inflorescence,0.93,Rot and discoloration visible on cauliflower curd (flower head/inflorescence)
plantwild_v2/cauliflower bacterial soft rot/cauliflower_bacterial_soft_rot_Bing_0037.jpg,cauliflower bacterial soft rot,inflorescence,0.91,Brown rotted areas visible on the cauliflower curd (flower cluster)
plantwild_v2/cauliflower bacterial soft rot/cauliflower_bacterial_soft_rot_Bing_0034.jpg,cauliflower bacterial soft rot,inflorescence,0.90,"Brown, rotten areas clearly on cauliflower curd (inflorescence/curd)"
plantwild_v2/cauliflower bacterial soft rot/cauliflower_bacterial_soft_rot_Bing_0036.jpg,cauliflower bacterial soft rot,inflorescence,0.90,"Rotting, discolored cauliflower curd (flower head) clearly visible"
plantwild_v2/cauliflower bacterial soft rot/cauliflower_bacterial_soft_rot_Bing_0041.jpg,cauliflower bacterial soft rot,inflorescence,0.91,"Rotting, discolored cauliflower curd clearly affected"
plantwild_v2/cauliflower bacterial soft rot/cauliflower_bacterial_soft_rot_Bing_0042.jpg,cauliflower bacterial soft rot,inflorescence,0.90,"Discolored, rotting cauliflower curd (head/flower cluster) clearly visible"
plantwild_v2/cauliflower bacterial soft rot/cauliflower_bacterial_soft_rot_Bing_0044.jpg,cauliflower bacterial soft rot,inflorescence,0.92,Rot and discoloration clearly on the cauliflower curd/flower head (inflorescence).
plantwild_v2/cauliflower bacterial soft rot/cauliflower_bacterial_soft_rot_Bing_0075.jpg,cauliflower bacterial soft rot,inflorescence,0.90,Brown soft-rot lesions visible on the cauliflower curd/flower head
plantwild_v2/cauliflower bacterial soft rot/cauliflower_bacterial_soft_rot_Bing_0066.jpg,cauliflower bacterial soft rot,inflorescence,0.93,"Mushy, discolored cauliflower curd (head) showing clear soft-rot symptoms"
plantwild_v2/cauliflower bacterial soft rot/cauliflower_bacterial_soft_rot_Bing_0082.jpg,cauliflower bacterial soft rot,inflorescence,0.90,"Rotting, discolored cauliflower curd (flower head) clearly visible"
plantwild_v2/cauliflower bacterial soft rot/cauliflower_bacterial_soft_rot_Bing_0089.jpg,cauliflower bacterial soft rot,inflorescence,0.86,"Brown, rotting decay clearly on the cauliflower curd/flower head"
plantwild_v2/cauliflower bacterial soft rot/cauliflower_bacterial_soft_rot_Bing_0091.jpg,cauliflower bacterial soft rot,inflorescence,0.89,Visible cauliflower curd (flower head) shows browning/soft rot symptoms
plantwild_v2/cauliflower bacterial soft rot/cauliflower_bacterial_soft_rot_Bing_0094.jpg,cauliflower bacterial soft rot,inflorescence,0.86,"Brown, soft, decayed cauliflower curd visible (curd/flower cluster)."
plantwild_v2/cauliflower bacterial soft rot/cauliflower_bacterial_soft_rot_Bing_0109.jpg,cauliflower bacterial soft rot,inflorescence,0.90,"Discolored, decayed cauliflower curd/head shows clear soft-rot symptoms"
plantwild_v2/cauliflower bacterial soft rot/cauliflower_bacterial_soft_rot_Bing_0132.jpg,cauliflower bacterial soft rot,inflorescence,0.90,"Rotting, discolored cauliflower curd (head) clearly visible"
plantwild_v2/cauliflower bacterial soft rot/cauliflower_bacterial_soft_rot_Bing_0174.jpg,cauliflower bacterial soft rot,inflorescence,0.90,Rotten cauliflower curd/flower head clearly visible
plantwild_v2/cauliflower bacterial soft rot/cauliflower_bacterial_soft_rot_Bing_0137.jpg,cauliflower bacterial soft rot,inflorescence,0.94,"Brown, mushy rot clearly on cauliflower curd (flower head/inflorescence)"
plantwild_v2/cauliflower bacterial soft rot/cauliflower_bacterial_soft_rot_Bing_0124.jpg,cauliflower bacterial soft rot,inflorescence,0.90,Rot and discoloration clearly on the cauliflower curd (flower head)
plantwild_v2/cauliflower bacterial soft rot/cauliflower_bacterial_soft_rot_Bing_0181.jpg,cauliflower bacterial soft rot,inflorescence,0.93,Black soft rot spots visible on the cauliflower curd (flower head/inflorescence)
plantwild_v2/cauliflower bacterial soft rot/cauliflower_bacterial_soft_rot_Bing_0205.jpg,cauliflower bacterial soft rot,inflorescence,0.86,discolored/soft-brown areas visible on the cauliflower head (curd)
plantwild_v2/cauliflower bacterial soft rot/cauliflower_bacterial_soft_rot_Google_0078.jpg,cauliflower bacterial soft rot,inflorescence,0.91,"Cauliflower curd shows brown, rotted, softened areas consistent with soft rot"
plantwild_v2/coffee berry blotch/coffee_berry_blotch_Bing_0001.jpg,coffee berry blotch,fruit,0.92,Visible lesions and damage on coffee berries (fruits) in the photo
plantwild_v2/cauliflower bacterial soft rot/cauliflower_bacterial_soft_rot_Bing_0206.jpg,cauliflower bacterial soft rot,inflorescence,0.90,"Rotting, discolored cauliflower curd (flower cluster) clearly affected"
plantwild_v2/coffee berry blotch/coffee_berry_blotch_Bing_0000.jpg,coffee berry blotch,fruit,0.90,Blotchy lesions and discoloration clearly present on coffee berries (fruits)
plantwild_v2/cauliflower bacterial soft rot/cauliflower_bacterial_soft_rot_Google_0021.jpg,cauliflower bacterial soft rot,inflorescence,0.86,Rotting/discolored cauliflower curd (flower head) clearly visible
plantwild_v2/coffee berry blotch/coffee_berry_blotch_Bing_0002.jpg,coffee berry blotch,fruit,0.93,Dark blotchy lesions clearly visible on coffee berries (fruits)
plantwild_v2/coffee berry blotch/coffee_berry_blotch_Bing_0005.jpg,coffee berry blotch,leaf,0.92,Distinct necrotic spots with yellow halos visible on leaf blades
plantwild_v2/coffee berry blotch/coffee_berry_blotch_Bing_0009.jpg,coffee berry blotch,fruit,0.92,Blotchy necrotic lesions clearly visible on coffee berries (fruits)
plantwild_v2/coffee berry blotch/coffee_berry_blotch_Bing_0008.jpg,coffee berry blotch,leaf,0.92,Distinct circular necrotic lesions visible on multiple leaf blades
plantwild_v2/coffee berry blotch/coffee_berry_blotch_Bing_0007.jpg,coffee berry blotch,fruit,0.90,Dark blotchy lesions clearly present on the coffee cherries (fruits)
plantwild_v2/coffee berry blotch/coffee_berry_blotch_Bing_0010.jpg,coffee berry blotch,fruit,0.92,Dark blotches and lesions clearly visible on coffee berries (fruits)
plantwild_v2/coffee berry blotch/coffee_berry_blotch_Bing_0004.jpg,coffee berry blotch,fruit,0.90,Dark blotches and lesions clearly visible on coffee berries (fruits)
plantwild_v2/coffee berry blotch/coffee_berry_blotch_Bing_0013.jpg,coffee berry blotch,leaf,0.90,"Distinct necrotic blotches visible on leaf blades, no other parts show symptoms."
plantwild_v2/coffee berry blotch/coffee_berry_blotch_Bing_0003.jpg,coffee berry blotch,fruit,0.90,Dark blotchy lesions clearly on coffee berries (fruits)
plantwild_v2/coffee berry blotch/coffee_berry_blotch_Bing_0015.jpg,coffee berry blotch,leaf,0.92,Necrotic lesions and chlorosis clearly visible on leaf blades
plantwild_v2/coffee berry blotch/coffee_berry_blotch_Bing_0018.jpg,coffee berry blotch,fruit,0.92,Dark blotches/spots clearly visible on coffee berries (fruits)
plantwild_v2/coffee berry blotch/coffee_berry_blotch_Bing_0016.jpg,coffee berry blotch,fruit,0.90,dark lesions and discoloration clearly visible on coffee berries (fruits)
plantwild_v2/coffee berry blotch/coffee_berry_blotch_Bing_0017.jpg,coffee berry blotch,leaf,0.90,Necrotic brown lesions and chlorosis clearly visible on leaf blades.
plantwild_v2/coffee berry blotch/coffee_berry_blotch_Bing_0021.jpg,coffee berry blotch,fruit,0.90,Distinct necrotic/enlarged/shrunken lesions clearly on coffee berries (fruits)
plantwild_v2/coffee berry blotch/coffee_berry_blotch_Bing_0020.jpg,coffee berry blotch,leaf,0.95,Distinct circular brown lesions visible on leaf blade
plantwild_v2/coffee berry blotch/coffee_berry_blotch_Bing_0014.jpg,coffee berry blotch,leaf;stem,0.80,Necrotic blotches on leaves and visible brown lesions on stems/twigs
plantwild_v2/coffee berry blotch/coffee_berry_blotch_Bing_0022.jpg,coffee berry blotch,leaf,0.90,Distinct round necrotic lesions present on leaf blades
plantwild_v2/coffee berry blotch/coffee_berry_blotch_Bing_0026.jpg,coffee berry blotch,fruit,0.94,Visible lesions/spots on coffee berries (fruits) in the photo
plantwild_v2/coffee berry blotch/coffee_berry_blotch_Bing_0027.jpg,coffee berry blotch,leaf,0.93,Necrotic blotches and discoloration clearly present on leaf blade
plantwild_v2/coffee berry blotch/coffee_berry_blotch_Bing_0028.jpg,coffee berry blotch,fruit,0.92,Dark blotchy lesions clearly visible on coffee berries/fruits
plantwild_v2/coffee berry blotch/coffee_berry_blotch_Bing_0032.jpg,coffee berry blotch,fruit,0.91,Dark necrotic blotches clearly present on coffee berries (fruits)
plantwild_v2/coffee berry blotch/coffee_berry_blotch_Bing_0030.jpg,coffee berry blotch,leaf,0.90,Brown necrotic lesions and spots clearly present on leaf blades
plantwild_v2/coffee berry blotch/coffee_berry_blotch_Bing_0035.jpg,coffee berry blotch,leaf,0.92,Necrotic brown lesions clearly present on leaf blades
plantwild_v2/coffee berry blotch/coffee_berry_blotch_Bing_0036.jpg,coffee berry blotch,fruit,0.90,Dark blotchy lesions clearly visible on coffee berries (fruits)
plantwild_v2/coffee berry blotch/coffee_berry_blotch_Bing_0033.jpg,coffee berry blotch,fruit,0.91,Dark blotchy lesions clearly visible on coffee berries (fruits) in the image.
plantwild_v2/coffee berry blotch/coffee_berry_blotch_Bing_0037.jpg,coffee berry blotch,fruit,0.90,Visible blotchy/dark lesions on coffee berries (fruits) along the stem
plantwild_v2/coffee berry blotch/coffee_berry_blotch_Bing_0038.jpg,coffee berry blotch,fruit,0.88,Dark blotches and lesions clearly visible on coffee cherries (fruits).
plantwild_v2/coffee berry blotch/coffee_berry_blotch_Bing_0040.jpg,coffee berry blotch,leaf,0.86,Necrotic brown lesions and spots clearly visible on multiple leaf blades
plantwild_v2/coffee berry blotch/coffee_berry_blotch_Bing_0041.jpg,coffee berry blotch,leaf,0.90,Necrotic brown lesions clearly on the leaf blade and margin
plantwild_v2/coffee berry blotch/coffee_berry_blotch_Bing_0043.jpg,coffee berry blotch,fruit,0.92,Dark blotches and lesions clearly present on coffee berries (fruits)
plantwild_v2/coffee berry blotch/coffee_berry_blotch_Bing_0042.jpg,coffee berry blotch,fruit,0.92,Blemished/necrotic spots clearly visible on coffee berries (fruits)
plantwild_v2/coffee berry blotch/coffee_berry_blotch_Bing_0044.jpg,coffee berry blotch,fruit,0.91,Dark blotchy lesions clearly visible on coffee berries (fruits)
plantwild_v2/coffee berry blotch/coffee_berry_blotch_Bing_0050.jpg,coffee berry blotch,leaf,0.90,Distinct circular brown lesions visible on multiple leaf blades
plantwild_v2/coffee berry blotch/coffee_berry_blotch_Bing_0046.jpg,coffee berry blotch,fruit,0.89,Visible lesions/discoloration on coffee berries (fruits) not on leaves or stems
plantwild_v2/coffee berry blotch/coffee_berry_blotch_Bing_0048.jpg,coffee berry blotch,fruit,0.90,Dark blotchy necrotic lesions visible on coffee berries (fruits)
plantwild_v2/coffee berry blotch/coffee_berry_blotch_Bing_0045.jpg,coffee berry blotch,leaf,0.92,Distinct necrotic lesions visible on multiple leaf blades (spots with chlorotic halos).
plantwild_v2/coffee berry blotch/coffee_berry_blotch_Bing_0049.jpg,coffee berry blotch,fruit,0.92,Dark blotchy lesions clearly present on coffee berries (fruits)
plantwild_v2/coffee berry blotch/coffee_berry_blotch_Bing_0054.jpg,coffee berry blotch,fruit,0.93,Dark blotchy lesions clearly present on coffee berries (fruits)
plantwild_v2/coffee berry blotch/coffee_berry_blotch_Bing_0056.jpg,coffee berry blotch,fruit,0.92,Distinct blotchy lesions clearly visible on coffee berries (fruits)
plantwild_v2/coffee berry blotch/coffee_berry_blotch_Bing_0057.jpg,coffee berry blotch,fruit,0.90,Distinct dark necrotic blotches visible on coffee berries (fruits)
plantwild_v2/coffee berry blotch/coffee_berry_blotch_Bing_0058.jpg,coffee berry blotch,fruit,0.90,"Blotchy, discolored and necrotic coffee berries clearly visible on the branches"
plantwild_v2/coffee berry blotch/coffee_berry_blotch_Bing_0063.jpg,coffee berry blotch,fruit,0.92,Distinct lesions and discoloration visible on coffee berries (fruits) along the stem
plantwild_v2/coffee berry blotch/coffee_berry_blotch_Bing_0065.jpg,coffee berry blotch,fruit,0.86,Dark blotchy lesions are clearly visible on the coffee berries (fruits).
plantwild_v2/coffee berry blotch/coffee_berry_blotch_Bing_0074.jpg,coffee berry blotch,fruit,0.90,Spots and discoloration clearly visible on coffee berries (fruits)
plantwild_v2/coffee berry blotch/coffee_berry_blotch_Bing_0066.jpg,coffee berry blotch,leaf,0.90,Distinct necrotic blotches and lesions visible on leaf blades
plantwild_v2/coffee berry blotch/coffee_berry_blotch_Bing_0064.jpg,coffee berry blotch,fruit,0.90,Dark blotchy lesions clearly present on coffee berries (fruits)
plantwild_v2/coffee berry blotch/coffee_berry_blotch_Bing_0077.jpg,coffee berry blotch,fruit,0.90,Dark blotchy lesions clearly present on coffee berries (fruits)
plantwild_v2/coffee berry blotch/coffee_berry_blotch_Bing_0076.jpg,coffee berry blotch,fruit,0.90,Brown blotches and lesions clearly visible on coffee berries (fruits)
plantwild_v2/coffee berry blotch/coffee_berry_blotch_Bing_0073.jpg,coffee berry blotch,fruit,0.85,Dark blotchy lesions and discoloration clearly visible on coffee berries (fruits)
plantwild_v2/coffee berry blotch/coffee_berry_blotch_Bing_0079.jpg,coffee berry blotch,leaf,0.90,Necrotic brown lesions clearly present on leaf blades (coffee leaves)
plantwild_v2/coffee berry blotch/coffee_berry_blotch_Bing_0072.jpg,coffee berry blotch,fruit,0.92,Visible lesions and discoloration on coffee berries (fruits) along the branch
plantwild_v2/coffee berry blotch/coffee_berry_blotch_Bing_0078.jpg,coffee berry blotch,leaf,0.90,Distinct brown circular/blotchy lesions visible on multiple leaves
plantwild_v2/coffee berry blotch/coffee_berry_blotch_Bing_0083.jpg,coffee berry blotch,leaf,0.90,"Leaf blades show spots, discoloration and necrotic lesions consistent with disease"
plantwild_v2/coffee berry blotch/coffee_berry_blotch_Bing_0087.jpg,coffee berry blotch,fruit,0.90,Visible lesions and decay on coffee berries (fruits) clustered on branches
plantwild_v2/coffee berry blotch/coffee_berry_blotch_Bing_0090.jpg,coffee berry blotch,fruit,0.90,Dark blotchy lesions clearly visible on coffee berries (fruits)
plantwild_v2/coffee berry blotch/coffee_berry_blotch_Bing_0089.jpg,coffee berry blotch,fruit,0.90,Distinct blotchy lesions visible on coffee berries (fruits)
plantwild_v2/coffee berry blotch/coffee_berry_blotch_Bing_0094.jpg,coffee berry blotch,fruit,0.86,Dark blotched lesions visible on coffee berries (fruits)
plantwild_v2/coffee berry blotch/coffee_berry_blotch_Bing_0093.jpg,coffee berry blotch,fruit,0.90,Brown lesions and spotting clearly visible on coffee berries (fruits)
plantwild_v2/coffee berry blotch/coffee_berry_blotch_Bing_0099.jpg,coffee berry blotch,leaf,0.90,Distinct brown circular lesions visible on multiple leaf blades
plantwild_v2/coffee berry blotch/coffee_berry_blotch_Bing_0100.jpg,coffee berry blotch,leaf,0.90,Multiple leaves show characteristic brown circular blotches and lesions
plantwild_v2/coffee berry blotch/coffee_berry_blotch_Bing_0080.jpg,coffee berry blotch,fruit,0.78,Visible lesions and discoloration on coffee berries (fruits) not just healthy foliage
plantwild_v2/coffee berry blotch/coffee_berry_blotch_Bing_0107.jpg,coffee berry blotch,fruit,0.92,Dark blotches and necrosis visible on coffee berries (fruits) not on leaves
plantwild_v2/coffee berry blotch/coffee_berry_blotch_Bing_0105.jpg,coffee berry blotch,fruit,0.90,brown blotches clearly present on coffee berries (fruits)
plantwild_v2/coffee berry blotch/coffee_berry_blotch_Bing_0109.jpg,coffee berry blotch,fruit,0.90,Visible lesions and discoloration on coffee berries (fruits) rather than leaves or stems
plantwild_v2/coffee berry blotch/coffee_berry_blotch_Bing_0110.jpg,coffee berry blotch,leaf,0.89,Multiple leaves show round brown lesions and necrotic spots consistent with disease
plantwild_v2/coffee berry blotch/coffee_berry_blotch_Bing_0111.jpg,coffee berry blotch,fruit,0.90,Dark blotchy lesions clearly present on coffee berries (fruits)
plantwild_v2/coffee berry blotch/coffee_berry_blotch_Bing_0118.jpg,coffee berry blotch,fruit,0.93,Dark blotchy lesions clearly present on coffee berries (fruits)
plantwild_v2/coffee berry blotch/coffee_berry_blotch_Bing_0106.jpg,coffee berry blotch,leaf,0.88,Brown circular lesions clearly present on multiple leaf blades
plantwild_v2/coffee berry blotch/coffee_berry_blotch_Bing_0120.jpg,coffee berry blotch,fruit,0.92,Visible necrotic blotch lesions on a coffee berry (fruit) being held
plantwild_v2/coffee berry blotch/coffee_berry_blotch_Bing_0114.jpg,coffee berry blotch,fruit,0.92,Brown/black lesions and decay clearly visible on coffee berries (fruits).
plantwild_v2/coffee berry blotch/coffee_berry_blotch_Bing_0112.jpg,coffee berry blotch,fruit,0.84,"Dark, blotchy lesions clearly visible on the coffee berries (fruits)"
plantwild_v2/coffee berry blotch/coffee_berry_blotch_Bing_0119.jpg,coffee berry blotch,leaf;fruit,0.86,Spotted/lesioned berries and a browning necrotic area on a leaf are visible
plantwild_v2/coffee berry blotch/coffee_berry_blotch_Bing_0122.jpg,coffee berry blotch,fruit,0.88,Visible lesions and blotches on coffee berries/fruit clusters
plantwild_v2/coffee berry blotch/coffee_berry_blotch_Bing_0125.jpg,coffee berry blotch,leaf,0.84,"Distinct circular lesions visible on multiple leaf blades, no other affected organs visible."
plantwild_v2/coffee berry blotch/coffee_berry_blotch_Bing_0123.jpg,coffee berry blotch,fruit,0.90,Brownish blotches and discoloration clearly visible on coffee berries (fruits).
plantwild_v2/coffee berry blotch/coffee_berry_blotch_Bing_0129.jpg,coffee berry blotch,leaf,0.94,Distinct necrotic lesions visible on leaf blades
plantwild_v2/coffee berry blotch/coffee_berry_blotch_Bing_0127.jpg,coffee berry blotch,leaf,0.93,Distinct necrotic/blotchy lesions visible on leaf blades
plantwild_v2/coffee berry blotch/coffee_berry_blotch_Bing_0130.jpg,coffee berry blotch,leaf,0.92,Necrotic blotch lesion clearly present on the leaf blade; no other parts affected.
plantwild_v2/coffee berry blotch/coffee_berry_blotch_Bing_0135.jpg,coffee berry blotch,leaf,0.85,Brown lesions and spotting visible on multiple leaves' blades
plantwild_v2/coffee berry blotch/coffee_berry_blotch_Bing_0140.jpg,coffee berry blotch,fruit,0.90,Dark blotchy lesions clearly visible on coffee berries (fruits)
plantwild_v2/coffee berry blotch/coffee_berry_blotch_Bing_0150.jpg,coffee berry blotch,fruit,0.95,Blotchy lesions clearly present on the coffee berries (fruits)
plantwild_v2/coffee berry blotch/coffee_berry_blotch_Bing_0149.jpg,coffee berry blotch,fruit,0.88,Brown blotches and lesions visible on coffee berries (fruits) along the branch
plantwild_v2/coffee berry blotch/coffee_berry_blotch_Bing_0156.jpg,coffee berry blotch,fruit,0.90,Dark blotches and lesions visible on coffee berries (fruits)
plantwild_v2/coffee berry blotch/coffee_berry_blotch_Bing_0126.jpg,coffee berry blotch,leaf,0.90,Distinct circular necrotic lesions visible on leaf blades.
plantwild_v2/coffee berry blotch/coffee_berry_blotch_Bing_0154.jpg,coffee berry blotch,leaf,0.89,Brown circular lesions visible on multiple leaf blades; stems appear healthy
plantwild_v2/coffee berry blotch/coffee_berry_blotch_Bing_0148.jpg,coffee berry blotch,fruit,0.90,Dark blotchy lesions clearly present on coffee berries (fruits)
plantwild_v2/coffee berry blotch/coffee_berry_blotch_Bing_0180.jpg,coffee berry blotch,leaf,0.95,Distinct necrotic circular lesions present on leaf blades
plantwild_v2/coffee berry blotch/coffee_berry_blotch_Bing_0170.jpg,coffee berry blotch,leaf;fruit,0.87,Visible sunken lesions on a leaf and on coffee berries (fruits).
plantwild_v2/coffee berry blotch/coffee_berry_blotch_Bing_0176.jpg,coffee berry blotch,leaf,0.88,Distinct circular/brown lesions visible on multiple leaf blades
plantwild_v2/coffee berry blotch/coffee_berry_blotch_Bing_0171.jpg,coffee berry blotch,fruit,0.90,Dark blotchy lesions clearly visible on coffee berries (fruits)
plantwild_v2/coffee berry blotch/coffee_berry_blotch_Bing_0190.jpg,coffee berry blotch,fruit,0.86,Dark brown/black blotches and lesions are clearly on the coffee berries (fruits).
plantwild_v2/coffee berry blotch/coffee_berry_blotch_Google_0007.jpg,coffee berry blotch,fruit,0.90,Dark lesions and discoloration clearly present on coffee berries (fruits).
plantwild_v2/coffee berry blotch/coffee_berry_blotch_Bing_0157.jpg,coffee berry blotch,fruit,0.86,Dark blotches and lesions clearly visible on coffee berries (fruits)
plantwild_v2/coffee berry blotch/coffee_berry_blotch_Google_0058.jpg,coffee berry blotch,fruit,0.90,Necrotic spots and blotches clearly visible on coffee berries (fruits).
plantwild_v2/coffee berry blotch/coffee_berry_blotch_Google_0030.jpg,coffee berry blotch,fruit,0.91,Dark blotches and lesions clearly visible on coffee berries (fruits)
plantwild_v2/coffee berry blotch/coffee_berry_blotch_Google_0054.jpg,coffee berry blotch,fruit,0.85,Spotted/discolored coffee cherries show clear lesion symptoms on fruits
plantwild_v2/coffee berry blotch/coffee_berry_blotch_Google_0055.jpg,coffee berry blotch,fruit,0.90,Dark blotches and lesions clearly visible on coffee berries (fruits).
plantwild_v2/coffee berry blotch/coffee_berry_blotch_Google_0060.jpg,coffee berry blotch,fruit,0.87,Visible lesions/spots on coffee berries (fruits) along the branch
plantwild_v2/coffee berry blotch/coffee_berry_blotch_Google_0134.jpg,coffee berry blotch,fruit,0.80,Dark lesions and spotting clearly visible on multiple coffee berries (fruits)
plantwild_v2/coffee berry blotch/coffee_berry_blotch_Google_0074.jpg,coffee berry blotch,leaf,0.85,Necrotic brown lesions visible on leaf blades; fruits appear mostly healthy
plantwild_v2/coffee berry blotch/coffee_berry_blotch_Google_0099.jpg,coffee berry blotch,fruit,0.85,Discolored/spotted coffee berries clearly show lesion symptoms on the fruits.
plantwild_v2/coffee berry blotch/coffee_berry_blotch_Google_0165.jpg,coffee berry blotch,leaf,0.86,Yellow irregular blotches are clearly visible on multiple leaves
plantwild_v2/coffee berry blotch/coffee_berry_blotch_Google_0142.jpg,coffee berry blotch,fruit,0.91,Brown blotches and lesions clearly visible on coffee berries (fruits)
plantwild/images/corn smut/1.jpg,corn smut,inflorescence,0.90,Characteristic galls present on corn ears/tassels (flower/ear structures)
plantwild/images/corn smut/10.jpg,corn smut,inflorescence,0.92,Galls deforming the ear/cob kernels (corn smut) clearly visible
plantwild/images/corn smut/12 - Copy (2).jpg,corn smut,inflorescence,0.92,Swollen distorted ear/tassel tissues (cob/ear) consistent with corn smut
plantwild/images/corn smut/11.jpg,corn smut,inflorescence,0.90,"Dark swollen galls on corn ears/tassels (cobs), typical smut on inflorescences"
plantwild/images/corn smut/12 - Copy (3).jpg,corn smut,inflorescence,0.88,Visible galled distorted ears/tassel (cobs/flower clusters) symptomatic of corn smut
plantwild_v2/coffee berry blotch/coffee_berry_blotch_Google_0143.jpg,coffee berry blotch,fruit,0.88,Lesions and discoloration visible on coffee berries (fruits) in the photo.
plantwild/images/corn smut/13.jpg,corn smut,inflorescence,0.95,Tumorous galls replacing kernels on a corn ear (cob/inflorescence)
plantwild/images/corn smut/12.jpg,corn smut,inflorescence,0.90,Galled/blackened corn ears (cobs) clearly showing smut galls
plantwild/images/corn smut/14.jpg,corn smut,inflorescence,0.89,Galls replacing kernels on corn ear/cob (husks open) clearly visible
plantwild/images/corn smut/146.jpg,corn smut,inflorescence,0.92,Galls visible on corn ears/tassels (inflorescences) not on leaves or stems
plantwild/images/corn smut/148.jpg,corn smut,inflorescence,0.93,Galls present on corn ear/cob (inflorescence) showing fungal sori
plantwild/images/corn smut/150.jpg,corn smut,inflorescence,0.80,black galls located where an ear/cob (inflorescence) develops on the stalk
plantwild/images/corn smut/152.jpg,corn smut,inflorescence,0.92,Galls replacing kernels on a corn ear/cob (inflorescence) are clearly visible
plantwild/images/corn smut/155.jpg,corn smut,inflorescence,0.90,Smutted galls visible on a corn ear/cob (inflorescence) beneath the husk
plantwild/images/corn smut/156.jpg,corn smut,inflorescence,0.95,Smutted galls are on the corn ear/cob (inflorescence) visible in photo
plantwild/images/corn smut/154.jpg,corn smut,inflorescence,0.90,Galls visible on corn ears/tassels (inflorescences) with fungal sori
plantwild/images/corn smut/159.jpg,corn smut,inflorescence,0.91,"Smut galls clearly on the corn ear/cob (inflorescence), not on leaves or stem."
plantwild/images/corn smut/160.jpg,corn smut,inflorescence,0.95,Galls replace kernels on the corn ear/cob (infected flower/ear structures).
plantwild/images/corn smut/16.jpg,corn smut,inflorescence,0.90,Galls visible on the corn ear/cob (inflorescence) where kernels form.
plantwild/images/corn smut/185.jpg,corn smut,inflorescence,0.92,Galls replacing kernels on the ear/cob (corn inflorescence) visible
plantwild/images/corn smut/161.jpg,corn smut,inflorescence,0.92,Tumorous galls replacing corn ear/cob tissue (ear/inflorescence) are visible
plantwild/images/corn smut/170.jpg,corn smut,inflorescence;seed_grain,0.92,Galls and fungal growth on the corn ear/cob and replacing kernels
plantwild/images/corn smut/186.jpg,corn smut,inflorescence,0.93,Galls visible on corn ear/cob (kernels) typical of smut infection
plantwild/images/corn smut/18.jpg,corn smut,stem,0.90,Tumor-like gall at the leaf sheath/ stalk node (axial growth on stem).
plantwild/images/corn smut/177.jpg,corn smut,inflorescence,0.90,Visible galls and abnormal growth on corn ears/cobs (inflorescences).
plantwild/images/corn smut/17.jpg,corn smut,inflorescence,0.90,Swollen galls on corn ears/cobs (inflorescence) typical of corn smut
plantwild/images/corn smut/2.jpg,corn smut,inflorescence,0.92,Large tumorous galls replace/cover the corn ear/cob (visible smut on ear)
plantwild/images/corn smut/20.jpg,corn smut,inflorescence,0.92,galls replacing kernels on a corn ear/cob (visible malformed ear)
plantwild/images/corn smut/22.jpg,corn smut,inflorescence,0.86,black swollen gall on corn ear/husk (ear/cob inflorescence) visible
plantwild/images/corn smut/210.jpg,corn smut,inflorescence,0.93,"Galled, blackened corn ears/cobs visible (infected kernels/ears)"
plantwild/images/corn smut/224.jpg,corn smut,inflorescence,0.95,Galls replacing kernels on a corn ear (cob/inflorescence) are clearly visible
plantwild/images/corn smut/19.jpg,corn smut,stem;inflorescence,0.80,Large gall at ear/inflorescence plus dark lesions on adjacent stalk/stem
plantwild/images/corn smut/191.jpg,corn smut,inflorescence,0.72,Visible affected corn ears/cobs with silk — symptoms on the ear/inflorescence
plantwild/images/corn smut/23.jpg,corn smut,inflorescence,0.90,"Galls visible on the corn ear/cob (inflorescence), kernels replaced by smut growth"
plantwild/images/corn smut/252.jpg,corn smut,inflorescence,0.90,Visible galling and deformation on corn ears/cobs (inflorescences)
plantwild/images/corn smut/24.jpg,corn smut,inflorescence,0.90,Visible smut galls on an ear/cob-like structure (corn inflorescence)
plantwild/images/corn smut/25.jpg,corn smut,inflorescence,0.89,Black tumor-like galls visible on the ear/cob (corn inflorescence)
plantwild/images/corn smut/3 - Copy (2).jpg,corn smut,inflorescence,0.86,Enlarged galls clearly on a corn ear/cob (inflorescence)
plantwild/images/corn smut/3 - Copy (3).jpg,corn smut,inflorescence,0.90,Smut galls localized on a developing ear/cob (corn inflorescence)
plantwild/images/corn smut/3 - Copy (5).jpg,corn smut,inflorescence,0.93,Black fungal galls visible on the corn ear/cob (husks surrounding ear)
plantwild/images/corn smut/3 - Copy.jpg,corn smut,inflorescence,0.90,Galls and fungal growth visible on the corn flower/ear cluster (tassel/ear)
plantwild/images/corn smut/31.jpg,corn smut,inflorescence,0.95,Galls replacing kernels on the corn ear/cob visible through husk
plantwild/images/corn smut/3 - Copy (4).jpg,corn smut,inflorescence,0.90,Galls and distorted tumor-like growths present on corn ear/tassel inflorescence
plantwild/images/corn smut/3.jpg,corn smut,inflorescence,0.93,Black galls visible on corn ears/cobs (inflorescences).
plantwild/images/corn smut/33.jpg,corn smut,inflorescence,0.92,Visible swollen gall on the corn ear/inflorescence (cob/ear region)
plantwild/images/corn smut/30.jpg,corn smut,inflorescence,0.92,Large fungal galls on the corn ear/cob region (typical smut on inflorescence)
plantwild/images/corn smut/39.jpg,corn smut,inflorescence,0.90,Dark galled mass replacing the corn ear/cob (inflorescence)
plantwild/images/corn smut/34.jpg,corn smut,inflorescence,0.93,Smut galls replacing kernels on the corn ear/cob (visible infected ear)
plantwild/images/corn smut/37.jpg,corn smut,inflorescence,0.95,Large smut galls visible on the corn ear/tassel (inflorescence)
plantwild/images/corn smut/40.jpg,corn smut,inflorescence,0.90,Smut galls replacing/covering the corn ear/cob (visible kernels/husk area)
plantwild/images/corn smut/41.jpg,corn smut,inflorescence,0.90,Blistered/gray galls visible on corn ears/cobs (inflorescences).
plantwild/images/corn smut/44.jpg,corn smut,inflorescence,0.92,Large galled mass on the corn ear/inflorescence (typical smut tumors)
plantwild/images/corn smut/53.jpg,corn smut,inflorescence,0.86,Galls present on a corn ear/cob (husks surrounding infected inflorescence)
plantwild/images/corn smut/49.jpg,corn smut,inflorescence,0.95,Swollen galls visible on the corn ear/cob (inflorescence)
plantwild/images/corn smut/47.jpg,corn smut,inflorescence,0.90,Galls replacing kernels on corn ears/cobs (inflorescence) are clearly visible.
plantwild/images/corn smut/6.jpg,corn smut,inflorescence,0.86,Dark swollen galls visible on corn ears/tassels (inflorescence structures)
plantwild/images/corn smut/60.jpg,corn smut,inflorescence,0.85,Dark swollen gall-like mass on corn ear/husk area (inflorescence)
plantwild/images/corn smut/66.jpg,corn smut,inflorescence,0.95,Large smut galls visible on corn ears/cobs (inflorescences)
plantwild/images/corn smut/4.jpg,corn smut,inflorescence,0.92,"Galled, spore-filled masses on the corn ear/tassel (inflorescence) are visible"
plantwild/images/corn smut/7.jpg,corn smut,inflorescence,0.86,galls/abnormal growths visible on corn ears/cobs beneath husks
plantwild/images/corn smut/55.jpg,corn smut,inflorescence,0.90,"Smutted, swollen galls on a corn ear/cob (inflorescence) visible in image"
plantwild/images/corn smut/70.jpg,corn smut,inflorescence,0.90,Visible galls on corn ears/cobs (inflorescences) clearly symptomatic
plantwild/images/corn smut/92.jpg,corn smut,inflorescence,0.91,"Swollen, discolored ear/cob structures (husks) showing smut galls on corn ear"
plantwild/images/corn smut/35.jpg,corn smut,bulb,0.84,Visible diseased bulb/cloves with lesions; other parts not clearly symptomatic
plantwild/images/corn smut/8.jpg,corn smut,inflorescence,0.90,"Galled, spore-filled tumor on the corn ear/tassel region (ear/inflorescence)."
plantwild/images/corn smut/85.jpg,corn smut,inflorescence,0.90,Large galls present on corn ear/flower structures (cobs/tassels) not on leaves
plantwild/images/corn smut/76.jpg,corn smut,inflorescence,0.90,Galled/deformed corn ears/cobs showing fungal smut symptoms on the ear/inflorescence
plantwild/images/corn smut/google_0001.jpg,corn smut,inflorescence,0.90,Smutted galls replacing kernels on the corn ear (cob/ear inflorescence)
plantwild/images/corn smut/google_0000.jpg,corn smut,inflorescence;seed_grain,0.90,Galls clearly on ears/cobs and replacing/covering kernels (grains)
plantwild/images/corn smut/google_0006.jpg,corn smut,inflorescence,0.90,Smut galls replacing kernels on a corn ear/cob (inflorescence).
plantwild/images/corn smut/google_0005.jpg,corn smut,inflorescence,0.98,Smut galls clearly on the corn ear/cob (inflorescence)
plantwild/images/corn smut/google_0007.jpg,corn smut,inflorescence,0.95,Swollen galls and distorted kernels clearly on the corn ear/cob (inflorescence).
plantwild/images/corn smut/google_0003.jpg,corn smut,inflorescence,0.94,"Galled, swollen corn ear/cob kernels showing typical smut symptoms"
plantwild/images/corn smut/google_0002.jpg,corn smut,inflorescence,0.92,Galls visibly deform the corn ear/cob (ear is an inflorescence)
plantwild/images/corn smut/google_0008.jpg,corn smut,inflorescence,0.96,Galls replace kernels on the corn ear/cob (inflorescence) visible in photo.
plantwild/images/corn smut/google_0012.jpg,corn smut,inflorescence,0.95,Large smut galls present on the corn ear/cob (inflorescence)
plantwild/images/corn smut/google_0011.jpg,corn smut,inflorescence,0.90,Galls/smut visible on the corn ear/cob (ear inflorescence)
plantwild/images/corn smut/google_0009.jpg,corn smut,inflorescence,0.94,Large galls replacing kernels on the ear/cob (inflorescence) are visible
plantwild/images/corn smut/google_0014.jpg,corn smut,inflorescence,0.93,Galls and fungal growth are on the ear/cob (corn inflorescence) replacing kernels.
plantwild/images/corn smut/google_0013.jpg,corn smut,inflorescence,0.95,Smutted maize ears/cobs show visible galls and fungal growth on the ears
plantwild/images/corn smut/google_0019.jpg,corn smut,inflorescence,0.90,Galls deforming the corn ear/cobs (kernels) clearly visible
plantwild/images/corn smut/google_0017.jpg,corn smut,inflorescence,0.90,Galls replacing corn kernels on the ear/cob (inflorescence) are clearly visible
plantwild/images/corn smut/google_0018.jpg,corn smut,inflorescence;seed_grain,0.93,Galls replacing kernels on the corn ear (inflorescence and grains)
plantwild/images/corn smut/google_0015.jpg,corn smut,inflorescence;seed_grain,0.90,Galled maize ear/cob and individual transformed kernels visible
plantwild/images/corn smut/google_0023.jpg,corn smut,inflorescence,0.92,Galls visible on corn ears/cobs (flower/seed head structures)
plantwild/images/corn smut/google_0024.jpg,corn smut,inflorescence,0.94,Large galls replacing kernels on the ear/cob (corn inflorescence)
plantwild/images/corn smut/google_0020.jpg,corn smut,seed_grain,0.90,"Smutted, swollen corn kernels/galls are visible on the plate."
plantwild/images/corn smut/google_0025.jpg,corn smut,inflorescence,0.95,Galls visible on the corn ear/cob and silks (ear inflorescence)
plantwild/images/corn smut/google_0026.jpg,corn smut,inflorescence,0.92,"Galls replace kernels on corn ears (cobs), visible within the husk and exposed ear."
plantwild/images/corn smut/google_0022.jpg,corn smut,inflorescence,0.92,Galls clearly on corn ears/cobs (inflorescence) replacing kernels
plantwild/images/corn smut/google_0028.jpg,corn smut,inflorescence,0.90,galls visible replacing kernels on corn ear/cob (inflorescence)
plantwild/images/corn smut/google_0027.jpg,corn smut,inflorescence,0.93,Large smut galls replacing kernels on the corn ear/cob (inflorescence)
plantwild/images/corn smut/google_0029.jpg,corn smut,inflorescence,0.95,Galls visible on the corn ear/cob (inflorescence)
plantwild/images/corn smut/google_0032.jpg,corn smut,inflorescence,0.95,"Galls replace kernels on the corn ear (cob), indicating infected inflorescence"
plantwild/images/corn smut/google_0030.jpg,corn smut,seed_grain,0.95,Gray swollen infected corn kernels (huitlacoche) visible on plate
plantwild/images/corn smut/google_0031.jpg,corn smut,inflorescence,0.92,Galls replacing kernels on the corn ear (cob/ear) are clearly visible
plantwild/images/corn smut/google_0033.jpg,corn smut,inflorescence,0.95,Galls and fungal growth clearly on the corn ear/cob (inflorescence)
plantwild/images/corn smut/google_0036.jpg,corn smut,inflorescence,0.95,Galls clearly on the corn ear/cob (husks opened showing infected kernels).
plantwild/images/corn smut/google_0037.jpg,corn smut,leaf,0.90,Visible pustules and galls located on leaf blades
plantwild/images/corn smut/google_0034.jpg,corn smut,inflorescence,0.92,Galled tumorous growths visible on corn ears/cobs (inflorescences)
plantwild/images/corn smut/google_0038.jpg,corn smut,inflorescence,0.90,Visible galls and tumor-like growths on the corn ear/cob and husk (ear inflorescence).
plantwild/images/corn smut/google_0039.jpg,corn smut,inflorescence,0.94,Large galled tumor growths replacing the corn ear/cob (inflorescence)
plantwild/images/corn smut/google_0044.jpg,corn smut,inflorescence,0.90,smut galls clearly on the corn ear/cob (inflorescence)
plantwild/images/corn smut/google_0045.jpg,corn smut,inflorescence,0.95,Galls replacing kernels on a corn ear (cob/ear) with husk and silks visible
plantwild/images/corn smut/google_0041.jpg,corn smut,inflorescence,0.95,"Galls present on the corn ear/cob (inflorescence), kernels replaced by galls"
plantwild/images/corn smut/google_0040.jpg,corn smut,inflorescence,0.92,Galls replacing kernels on the corn ear/cob (inflorescence) are clearly visible
plantwild/images/corn smut/google_0048.jpg,corn smut,inflorescence,0.90,Galls deforming and replacing the corn ear/cob kernels are clearly visible
plantwild/images/corn smut/google_0046.jpg,corn smut,inflorescence,0.90,"Galled, swollen corn ear/cob with deformed kernels consistent with smut on the ear"
plantwild/images/corn smut/google_0047.jpg,corn smut,inflorescence,0.90,Galls visible on a corn ear/cob (husks and kernels affected)
plantwild/images/corn smut/google_0049.jpg,corn smut,inflorescence,0.94,"Swollen, fungal galls visible on the corn ear/cob (inflorescence)."
plantwild/images/corn smut/google_0042.jpg,corn smut,inflorescence,0.90,Large smut galls replacing kernels on the ear/cob (inflorescence).
plantwild/images/corn smut/google_0051.jpg,corn smut,inflorescence,0.90,Galls and distorted kernels visible on the corn ear/cob (inflorescence).
plantwild/images/corn smut/google_0050.jpg,corn smut,inflorescence;seed_grain,0.92,Galls and deformed kernels clearly on the corn ear/cob and kernels
plantwild/images/corn smut/google_0052.jpg,corn smut,inflorescence,0.92,Galls are on a corn ear/cob (inflorescence) showing smut symptoms
plantwild/images/corn smut/google_0053.jpg,corn smut,inflorescence,0.95,"Galls visible on the corn ear/cob (inflorescence), not on leaves or stem"
plantwild/images/corn smut/google_0056.jpg,corn smut,inflorescence,0.93,Galls replacing kernels on corn ears/cobs (infected inflorescences)
plantwild/images/corn smut/google_0057.jpg,corn smut,inflorescence,0.95,Smut galls deforming the corn ear/cob (inflorescence) are clearly visible
plantwild/images/corn smut/google_0055.jpg,corn smut,inflorescence,0.95,Galls and fungal growth clearly on corn ears/cobs (inflorescences).
plantwild/images/corn smut/google_0058.jpg,corn smut,inflorescence,0.90,Galled corn ear/cob structure (inflorescence) showing fungal sori
plantwild/images/corn smut/google_0059.jpg,corn smut,inflorescence,0.95,Visible galls on the corn ear/cob (inflorescence) under the husk
plantwild/images/corn smut/google_0062.jpg,corn smut,inflorescence,0.93,"Smut galls clearly on corn ears/cobs (inflorescences), not on leaves or stems."
plantwild/images/corn smut/google_0064.jpg,corn smut,inflorescence,0.93,Galls replacing kernels on the corn ear/cob (inflorescence) are clearly visible.
plantwild/images/corn smut/google_0063.jpg,corn smut,inflorescence,0.92,Large galls deforming the corn ear/cob (inflorescence) are clearly visible
plantwild/images/corn smut/google_0060.jpg,corn smut,inflorescence,0.92,Galls replacing kernels on a corn ear/cob (inflorescence) are clearly visible.
plantwild/images/corn smut/google_0067.jpg,corn smut,inflorescence,0.93,Smut galls clearly on corn ears/cobs (inflorescence) replacing kernels
plantwild/images/corn smut/google_0066.jpg,corn smut,inflorescence,0.95,Galls replacing/covering corn ears/cobs (flower/ear structures) are clearly visible
plantwild/images/corn smut/google_0074.jpg,corn smut,inflorescence,0.95,Galled/deformed corn ear/cob with altered kernels visible (smut on ear)
plantwild/images/corn smut/google_0073.jpg,corn smut,inflorescence,0.95,galls replacing kernels on corn cobs/ears (inflorescences)
plantwild/images/corn smut/google_0071.jpg,corn smut,inflorescence,0.90,Tumorous galls on the developing ear/cob (corn inflorescence) are visible
plantwild/images/corn smut/google_0068.jpg,corn smut,inflorescence,0.90,Galled/blackened corn ear/cob tissues and kernels clearly visible
plantwild/images/corn smut/google_0075.jpg,corn smut,inflorescence,0.95,Galls replacing kernels on the corn ear (cob/ear) are clearly visible
plantwild/images/corn smut/google_0065.jpg,corn smut,inflorescence,0.92,Smut galls deform corn ears/cobs (inflorescence) replacing kernels
plantwild/images/corn smut/google_0079.jpg,corn smut,inflorescence,0.90,Galls replacing kernels on a corn ear/cob (inflorescence) are clearly visible
plantwild/images/corn smut/google_0083.jpg,corn smut,inflorescence,0.92,Galls replacing kernels on the corn ear (cob/inflorescence) are clearly visible.
plantwild/images/corn smut/google_0081.jpg,corn smut,inflorescence,0.93,Galls visible on corn ear/cob (inflorescence)
plantwild/images/corn smut/google_0082.jpg,corn smut,inflorescence,0.90,Galls visible on corn ears/cobs (infected kernels)
plantwild/images/corn smut/google_0076.jpg,corn smut,inflorescence,0.92,Swollen galls on the corn ear/cob (flower/inflorescence) are clearly visible
plantwild/images/corn smut/google_0084.jpg,corn smut,inflorescence,0.91,Characteristic galls replacing corn ear/ cob kernels (ears are inflorescences)
plantwild/images/corn smut/google_0092.jpg,corn smut,inflorescence,0.92,Smut galls replacing kernels on corn ears/cobs (inflorescences)
plantwild/images/corn smut/google_0088.jpg,corn smut,inflorescence,0.90,Galls replacing kernels on the corn ear/cob (inflorescence) are clearly visible
plantwild/images/corn smut/google_0093.jpg,corn smut,inflorescence,0.92,Galls and distorted kernels visible on the corn ear/cob (inflorescence).
plantwild/images/corn smut/google_0094.jpg,corn smut,inflorescence,0.91,"Galled, swollen ears/cobs and tassel-like structures show smut symptoms"
plantwild/images/corn smut/google_0095.jpg,corn smut,inflorescence,0.92,Swollen galls replacing an ear/cob (maize inflorescence) visible
plantwild/images/corn smut/google_0090.jpg,corn smut,inflorescence,0.92,Galls replacing kernels on corn ears/cobs are visible
plantwild/images/corn smut/google_0096.jpg,corn smut,inflorescence,0.95,Smut galls clearly visible on corn ear/cob (inflorescence)
plantwild/images/corn smut/google_0099.jpg,corn smut,inflorescence;seed_grain,0.86,Galls replacing kernels on the corn ear (cob) and individual kernels affected
plantwild/images/corn smut/google_0103.jpg,corn smut,inflorescence,0.95,Galls replacing kernels on a corn ear/cob (visible affected husk removed)
plantwild/images/corn smut/google_0097.jpg,corn smut,inflorescence,0.93,"Galled, swollen abnormal growths on the corn ear/cob (inflorescence) are visible."
plantwild/images/corn smut/google_0102.jpg,corn smut,inflorescence;seed_grain,0.94,Galls deform the ear/cob and replace kernels (grains) on the corn ear
plantwild/images/corn smut/google_0101.jpg,corn smut,inflorescence,0.90,Swollen fungal galls on corn ears/cobs (inflorescences) visible
plantwild/images/corn smut/google_0104.jpg,corn smut,inflorescence,0.90,Galls and fungal growth clearly on corn ears/cobs (ears are inflorescences).
plantwild/images/corn smut/google_0091.jpg,corn smut,inflorescence;seed_grain,0.89,Galls visible on the corn ear/cob and replacing kernels (grains).
plantwild/images/corn smut/google_0110.jpg,corn smut,inflorescence,0.92,Smut galls replace kernels on the corn ear/cob (inflorescence)
plantwild/images/corn smut/google_0107.jpg,corn smut,inflorescence,0.90,Galls visible on an ear/cob (corn inflorescence) typical of smut
plantwild/images/corn smut/google_0111.jpg,corn smut,inflorescence,0.92,Galls visible on the corn ear/cob (inflorescence) replacing kernels
plantwild/images/corn smut/google_0106.jpg,corn smut,inflorescence,0.92,Galls deforming the ear/cob (inflorescence) are clearly visible
plantwild/images/corn smut/google_0112.jpg,corn smut,inflorescence,0.93,Galls replacing/covering corn ear/cob kernels (ear inflorescence) visible
plantwild/images/corn smut/google_0114.jpg,corn smut,inflorescence,0.92,Galls replacing kernels on the corn ear (cob/ear) are clearly visible
plantwild/images/corn smut/166.jpg,corn smut,inflorescence,0.90,Tumorous galls present on the corn ear/tassel (flower/inflorescence structures).
plantwild/images/corn smut/google_0115.jpg,corn smut,inflorescence,0.93,"Galled, distorted corn ear/cob with spore masses visible (infected inflorescence)"
plantwild/images/corn smut/google_0118.jpg,corn smut,inflorescence,0.92,Galls are on the corn ear/cob (inflorescence) rather than leaves or stem.
plantwild/images/corn smut/google_0119.jpg,corn smut,inflorescence,0.92,Characteristic galls on corn ears/cobs (inflorescences) are clearly visible
plantwild/images/corn smut/google_0105.jpg,corn smut,inflorescence,0.93,Galls visibly replacing kernels on a maize ear/cob (inflorescence).
plantwild/images/corn smut/google_0120.jpg,corn smut,inflorescence;seed_grain,0.90,Galls visible on corn ears/cobs and on the kernels (grains) themselves.
plantwild/images/corn smut/google_0124.jpg,corn smut,inflorescence,0.92,Smut galls are clearly on the corn ear/cob (inflorescence).
plantwild/images/corn smut/google_0122.jpg,corn smut,inflorescence;seed_grain,0.88,Blackened swollen galls visible on corn ears (cobs) and kernels
plantwild/images/corn smut/google_0127.jpg,corn smut,inflorescence,0.95,Large galls replacing kernels on the corn ear/cob (inflorescence)
plantwild/images/corn smut/google_0126.jpg,corn smut,inflorescence,0.90,Large galls present on the corn ear/cob (inflorescence) visible in image
plantwild/images/corn smut/google_0125.jpg,corn smut,leaf,0.90,White tumor-like galls clearly on corn leaf blades and sheaths
plantwild/images/corn smut/google_0117.jpg,corn smut,stem;inflorescence,0.85,Galls visible on the ear/inflorescence and at the stem/leaf axil node
plantwild/images/corn smut/google_0130.jpg,corn smut,inflorescence,0.92,Galls replacing/covering the corn ear/cob (flower/ear structures) are visible
plantwild/images/corn smut/google_0133.jpg,corn smut,inflorescence,0.92,Smutted galls replacing kernels on the corn ear/cob (inflorescence).
plantwild/images/corn smut/google_0131.jpg,corn smut,inflorescence,0.92,Typical corn smut galls on the ear/cob (inflorescence) visible above leaf
plantwild/images/corn smut/google_0123.jpg,corn smut,inflorescence,0.92,Large galled/smutty growths on corn ear/cob (inflorescence) visible
plantwild/images/corn smut/google_0129.jpg,corn smut,inflorescence,0.92,Smut galls replacing the corn ear/cob (inflorescence) clearly visible
plantwild/images/corn smut/google_0128.jpg,corn smut,inflorescence,0.90,Large galled corn ear/cob (inflorescence) replaced by smut tumors
plantwild/images/corn smut/google_0132.jpg,corn smut,inflorescence,0.90,Visible galls on corn ears/cobs (inflorescence) with characteristic fungal growth
plantwild/images/corn smut/google_0134.jpg,corn smut,inflorescence,0.92,Smutted corn ears/cobs (huitlacoche) visible as diseased flower/ear structures
plantwild/images/corn smut/google_0137.jpg,corn smut,inflorescence,0.92,Visible galls and black fungal masses on corn ear/cob (inflorescence)
plantwild/images/corn smut/google_0140.jpg,corn smut,inflorescence,0.92,Large tumor-like galls visible on corn ear/cob (inflorescence)
plantwild/images/corn smut/google_0142.jpg,corn smut,inflorescence,0.92,Galls and swollen kernels visible on the corn ear/cob (inflorescence).
plantwild/images/corn smut/google_0145.jpg,corn smut,inflorescence,0.92,Large swollen galls forming on the corn ear/inflorescence (cob-like structure).
plantwild/images/corn smut/google_0144.jpg,corn smut,inflorescence,0.90,Smutted galls clearly on the corn ear/cob (inflorescence)
plantwild/images/corn smut/google_0147.jpg,corn smut,inflorescence,0.90,"Galled, fungal growth visible on a corn ear/cob (inflorescence)"
plantwild/images/corn smut/google_0148.jpg,corn smut,inflorescence,0.90,Large galls are deforming the corn ear/cob (inflorescence)
plantwild/images/corn smut/google_0151.jpg,corn smut,inflorescence,0.93,Hyphal galls visible on the corn ear/cob (inflorescence) at tip
plantwild/images/corn smut/google_0152.jpg,corn smut,inflorescence,0.90,Blackened swollen galls on the developing corn ear/ear head (inflorescence)
plantwild/images/corn smut/google_0150.jpg,corn smut,inflorescence;seed_grain,0.90,Galls visible on the corn ear (cob) and individual kernels
plantwild/images/corn smut/google_0156.jpg,corn smut,inflorescence,0.92,Black galls present on the tassel/ear spikelets (flower/ear structure)
plantwild/images/corn smut/google_0155.jpg,corn smut,inflorescence,0.90,"Galls are on the corn ear/cob (inflorescence), replacing kernels"
plantwild/images/corn smut/google_0149.jpg,corn smut,inflorescence,0.92,Galls present on the corn ear/cob (infected flower/inflorescence tissue).
plantwild/images/corn smut/google_0153.jpg,corn smut,seed_grain,0.88,Smut galls visibly affect individual corn kernels/seeds (grain)
plantwild/images/corn smut/google_0157.jpg,corn smut,inflorescence,0.90,Galls and deformities visible on the corn ear/cob (inflorescence).
plantwild/images/corn smut/google_0154.jpg,corn smut,seed_grain,0.90,Visible fungal galls on corn kernels/grains (huitlacoche) used as filling
plantwild/images/corn smut/google_0160.jpg,corn smut,inflorescence,0.92,Galls visible on the corn ear/cob (inflorescence) replacing kernels
plantwild/images/corn smut/google_0162.jpg,corn smut,inflorescence,0.94,Galls replace kernels on the corn ear/cob (inflorescence) clearly visible
plantwild/images/corn smut/google_0164.jpg,corn smut,inflorescence,0.93,Visible fungal galls on the corn ear/cob (inflorescence)
plantwild/images/corn smut/google_0163.jpg,corn smut,inflorescence,0.90,Smutted corn ear/cob with galls replacing kernels visible
plantwild/images/corn smut/google_0165.jpg,corn smut,inflorescence,0.90,Galls deform the corn ears/cobs (inflorescences) where kernels would be
plantwild/images/corn smut/google_0168.jpg,corn smut,leaf,0.90,Galls and pustules are present on and deforming the leaf blades
plantwild/images/corn smut/google_0169.jpg,corn smut,inflorescence,0.92,Galls are on the corn ear/cob (inflorescence) where kernels form.
plantwild/images/corn smut/google_0167.jpg,corn smut,inflorescence,0.92,Visible galls and distorted kernels on the corn ear/cob (inflorescence)
plantwild/images/corn smut/google_0171.jpg,corn smut,inflorescence,0.92,Large tumor-like galls on the corn ear/husk (cob/ear inflorescence)
plantwild/images/corn smut/google_0170.jpg,corn smut,inflorescence,0.90,Galls replacing kernels on a corn ear/cob (inflorescence) are visible.
plantwild/images/corn smut/google_0172.jpg,corn smut,inflorescence,0.94,Smut galls clearly on corn ears/cobs (inflorescences) visible in the image
plantwild/images/corn smut/google_0176.jpg,corn smut,inflorescence,0.92,Large galls visible replacing the corn ear/cob (inflorescence)
plantwild/images/corn smut/google_0182.jpg,corn smut,inflorescence,0.86,"Symptoms clearly on corn cobs/ears (inflorescence), not on leaves or stems"
plantwild/images/corn smut/google_0180.jpg,corn smut,inflorescence,0.94,Galls visibly deform the corn ear/cob kernels within the husk
plantwild/images/corn smut/google_0183.jpg,corn smut,inflorescence,0.90,Visible fungal galls on the corn ear/tassel (flowering structures)
plantwild/images/corn smut/google_0181.jpg,corn smut,inflorescence,0.90,Huitlacoche are galls on corn ears/ kernels (cob/inflorescence) visible in bowl
plantwild/images/corn smut/google_0193.jpg,corn smut,inflorescence,0.95,Galls visible on a corn ear/cob (inflorescence) inside the husk
plantwild/images/corn smut/google_0185.jpg,corn smut,stem;inflorescence,0.90,Galls visible on developing ears/cobs and on stalk/leaf-sheath areas
plantwild/images/corn smut/google_0189.jpg,corn smut,inflorescence,0.95,Galls replacing kernels on a corn ear (cob/ear) clearly visible
plantwild/images/corn smut/google_0188.jpg,corn smut,inflorescence,0.92,Smut galls clearly on the corn ear/cob (ear inflorescence)
plantwild/images/corn smut/google_0194.jpg,corn smut,inflorescence,0.90,Galls replacing and deforming maize ear/cob and husk tissue (corn smut)
plantwild/images/corn smut/google_0184.jpg,corn smut,leaf,0.88,Raised galls and lesions clearly visible on the leaf blades
plantwild/images/corn smut/google_0199.jpg,corn smut,inflorescence,0.93,Large smut galls clearly on the corn ear/cob (inflorescence)
plantwild/images/corn smut/google_0200.jpg,corn smut,inflorescence,0.90,Smut galls are visible on the corn ear/cob (inflorescence)
plantwild/images/corn smut/google_0195.jpg,corn smut,inflorescence,0.90,Visible smut galls deforming the corn ear/cob (inflorescence)
plantwild/images/corn smut/google_0196.jpg,corn smut,inflorescence,0.92,Galls visible on the corn ear/cob (inflorescence) replacing kernels
plantwild/images/corn smut/google_0198.jpg,corn smut,seed_grain,0.93,Fungal galls replacing/altering corn kernels (grain) typical of corn smut (huitlacoche).
plantwild/images/corn smut/google_0197.jpg,corn smut,inflorescence,0.90,Galls and distorted cobs/ears clearly visible on corn inflorescences
plantwild/images/corn smut/google_0203.jpg,corn smut,inflorescence,0.90,galls replacing kernels on a corn ear (cob/ear) clearly visible
plantwild/images/corn smut/google_0207.jpg,corn smut,inflorescence,0.95,Large galls replacing kernels on the corn ear (cob/inflorescence)
plantwild/images/corn smut/google_0210.jpg,corn smut,inflorescence,0.90,Galls visible on corn ears/cobs (inflorescences) covered by husks
plantwild/images/corn smut/google_0213.jpg,corn smut,inflorescence,0.92,Galls and fungal growth are on the corn ear/cob (inflorescence).
plantwild/images/corn smut/google_0208.jpg,corn smut,inflorescence,0.91,Galls and distorted kernels visible on a maize ear/cob (inflorescence).
plantwild/images/corn smut/google_0209.jpg,corn smut,inflorescence,0.94,Galls and fungal growth clearly on the corn ear/cob (inflorescence).
plantwild/images/corn smut/google_0211.jpg,corn smut,inflorescence,0.94,"Smut galls are on corn ears/cobs (inflorescence), not on leaves or stems."
plantwild/images/corn smut/google_0215.jpg,corn smut,inflorescence,0.92,Galls replacing kernels on the corn ear/cob (inflorescence) are clearly visible
plantwild/images/corn smut/google_0216.jpg,corn smut,inflorescence,0.90,Galls visible on corn ear/cob and flowering structures (ears/tassels)
plantwild/images/corn smut/google_0217.jpg,corn smut,inflorescence,0.92,Galls and fungal growth are located on the corn ear/cob (inflorescence)
plantwild/images/corn smut/google_0219.jpg,corn smut,inflorescence,0.92,Large galled ear/cob (corn smut) visible on the maize inflorescence
plantwild/images/corn smut/google_0221.jpg,corn smut,inflorescence,0.90,"Galled, swollen fungal tumors on a corn ear/cob (inflorescence) are clearly visible."
plantwild/images/corn smut/google_0223.jpg,corn smut,inflorescence,0.95,Galls visible on a corn ear/cob (inflorescence) where kernels are replaced
plantwild/images/corn smut/google_0206.jpg,corn smut,inflorescence,0.92,Galls and fungal growth visible on the corn ear/cob (inflorescence)
plantwild/images/corn smut/google_0222.jpg,corn smut,inflorescence,0.86,Characteristic galled tumor on the corn ear/inflorescence (cob/ear tissue)
plantwild/images/corn smut/google_0225.jpg,corn smut,inflorescence,0.95,galls deforming corn ears/cobs (inflorescences) are clearly visible
plantwild/images/corn smut/google_0233.jpg,corn smut,inflorescence,0.93,Galls and fungal growth visible on the ear/cob (corn inflorescence)
plantwild/images/corn smut/google_0226.jpg,corn smut,inflorescence,0.90,Swollen galls on corn ear/cob (inflorescence) characteristic of corn smut
plantwild/images/corn smut/google_0234.jpg,corn smut,inflorescence,0.94,"Galls replace kernels on the corn ear (cob), symptoms on the ear/inflorescence"
plantwild/images/corn smut/google_0229.jpg,corn smut,inflorescence,0.92,Tumorous galls visible on corn ears/cobs (inflorescence) not on leaves or stem
plantwild/images/corn smut/google_0232.jpg,corn smut,inflorescence,0.90,Large smut galls clearly on the corn ear/cob (inflorescence)
plantwild/images/corn smut/google_0235.jpg,corn smut,inflorescence,0.92,Galls and swollen sori on corn ears/cobs (inflorescences) are clearly visible
plantwild/images/corn smut/google_0227.jpg,corn smut,inflorescence;seed_grain,0.90,Galls visible on the corn ear/cob and replacing kernels (grains).
plantwild/images/corn smut/google_0246.jpg,corn smut,inflorescence,0.90,Galls are on a corn ear/cob (inflorescence) not leaves or stem
plantwild/images/corn smut/google_0237.jpg,corn smut,inflorescence,0.92,Galls replacing corn ear/cob tissue clearly visible at the inflorescence (ear).
plantwild/images/corn smut/google_0248.jpg,corn smut,inflorescence,0.92,Galls replacing and deforming the corn ear/cob and silks (inflorescence).
plantwild/images/corn smut/google_0256.jpg,corn smut,inflorescence,0.90,Galls and swollen fungal growth on corn ear/cob kernels (inflorescence)
plantwild/images/corn smut/google_0261.jpg,corn smut,inflorescence,0.92,Galls and distorted kernels clearly on the corn ear/cob (inflorescence).
plantwild/images/corn smut/google_0241.jpg,corn smut,inflorescence;seed_grain,0.83,Galls visible on the corn ear/ cob and replacing kernels (grains).
plantwild/images/corn smut/google_0264.jpg,corn smut,inflorescence,0.92,Galls replace/cover the corn ear/cob (inflorescence) visible in photo
plantwild/images/corn smut/google_0268.jpg,corn smut,inflorescence,0.94,Galls are on the corn ear/cob and surrounding floral structures (inflorescence).
plantwild/images/corn smut/google_0263.jpg,corn smut,inflorescence;seed_grain,0.90,Smutted corn ear with deformed kernels/galls on the cob (inflorescence and grains).
plantwild/images/corn smut/google_0272.jpg,corn smut,inflorescence,0.93,Galls replace/cover kernels on the corn ear (cob/inflorescence).
plantwild/images/corn smut/google_0276.jpg,corn smut,inflorescence,0.90,Visible galls on corn ears/cobs (inflorescences) with fungal masses
plantwild/images/corn smut/google_0270.jpg,corn smut,inflorescence,0.92,Galled/swollen corn kernels on an ear/cob (inflorescence) are clearly visible
plantwild/images/corn smut/google_0277.jpg,corn smut,inflorescence,0.88,Dark swollen gall on a corn ear/kernel (cob/ear is an inflorescence)
plantwild/images/corn smut/google_0279.jpg,corn smut,inflorescence,0.92,galls/tumorous growths visible on the corn ear/cob (husked inflorescence)
plantwild/images/corn smut/google_0280.jpg,corn smut,inflorescence,0.93,Fungal galls deforming the ear/cob and kernels (corn ear) are clearly visible.
plantwild/images/corn smut/google_0278.jpg,corn smut,inflorescence,0.94,Galls replacing kernels on a corn ear (cob/ear inflorescence)
plantwild/images/corn smut/google_0283.jpg,corn smut,inflorescence,0.90,Swollen galls replacing corn kernels on the ear/cob (inflorescence)
plantwild/images/corn smut/google_0286.jpg,corn smut,seed_grain,0.86,Blackened swollen corn kernels (huitlacoche) recognizable as infected grain
plantwild/images/corn smut/google_0287.jpg,corn smut,inflorescence,0.93,Galls and malformed kernels clearly cover the corn ear/cob (inflorescence).
plantwild/images/corn smut/google_0293.jpg,corn smut,inflorescence,0.98,"Galls are on the corn ear/cob (inflorescence), replacing kernels"
plantwild/images/corn smut/google_0288.jpg,corn smut,inflorescence,0.86,Tumorous galls present among husk/cob area (ear/inflorescence)
plantwild/images/corn smut/google_0290.jpg,corn smut,inflorescence,0.88,Galls replacing kernels on a corn ear/cob (inflorescence)
plantwild/images/corn smut/google_0298.jpg,corn smut,inflorescence,0.90,Visible galls replacing kernels on a corn ear/cob (inflorescence).
plantwild/images/corn smut/google_0292.jpg,corn smut,inflorescence,0.94,Galls visibly deform the corn ear/cob (inflorescence) and kernels
plantwild/images/corn smut/google_0300.jpg,corn smut,inflorescence,0.90,Tumorous galls visible on the corn ear/cob and kernels
plantwild/images/corn smut/google_0306.jpg,corn smut,inflorescence,0.90,Galls visible on the corn ear/cob (ear inflorescence) with kernels affected
plantwild/images/corn smut/google_0303.jpg,corn smut,inflorescence,0.95,Large smut galls clearly on the ear/cob (corn inflorescence)
plantwild/images/corn smut/google_0307.jpg,corn smut,inflorescence,0.92,Galls present on a developing maize ear/cob (flower/ear structure)
plantwild/images/corn smut/google_0309.jpg,corn smut,inflorescence,0.93,Galls replacing kernels on the corn ear (cob/ear inflorescence)
plantwild/images/corn smut/google_0308.jpg,corn smut,inflorescence,0.95,Galls and fungal growth appear on the corn ear/cob (inflorescence)
plantwild/images/corn smut/google_0313.jpg,corn smut,inflorescence,0.92,Galls visible on the ear/cob (corn kernels) indicating infected inflorescence
plantwild/images/corn smut/google_0322.jpg,corn smut,inflorescence,0.92,Galls visible on a corn ear/cob (flowering/inflorescence structure)
plantwild/images/corn smut/google_0325.jpg,corn smut,inflorescence,0.92,Galls replace and deform the corn ear/cob (inflorescence)
plantwild/images/corn smut/google_0321.jpg,corn smut,inflorescence,0.90,Galls and fungal sori on an ear/cob-like structure (maize inflorescence)
plantwild/images/corn smut/google_0327.jpg,corn smut,inflorescence,0.90,Smutted corn ears/cobs with galls replacing kernels are clearly visible
plantwild/images/corn smut/google_0330.jpg,corn smut,inflorescence,0.90,Large galls clearly on the corn ear/silk region (flower/ear inflorescence)
plantwild/images/corn smut/google_0335.jpg,corn smut,inflorescence,0.90,Galls replace/cover the corn ear (cob/inflorescence) visible as tumor-like masses
plantwild/images/corn smut/google_0332.jpg,corn smut,inflorescence,0.92,Smut galls are clearly on the corn ear/cob (inflorescence) replacing kernels
plantwild/images/corn smut/google_0331.jpg,corn smut,seed_grain,0.70,Smut galls visible on corn kernels/seeds (threshed kernels shown in bowl)
plantwild/images/corn smut/google_0339.jpg,corn smut,inflorescence,0.92,Galls replacing kernels on a corn ear/cob (inflorescence) are clearly visible
plantwild/images/corn smut/google_0336.jpg,corn smut,inflorescence,0.95,Galls deforming the corn ear/cob (inflorescence) and kernels clearly visible
plantwild/images/corn smut/google_0341.jpg,corn smut,inflorescence,0.90,Tumorous galls visibly replacing kernels on the corn ear (cob/inflorescence).
plantwild/images/corn smut/google_0346.jpg,corn smut,inflorescence,0.95,Galls replacing kernels on a corn ear/cob (inflorescence) clearly visible
plantwild/images/corn smut/google_0337.jpg,corn smut,inflorescence,0.90,Smut galls visibly deform the corn ear/cob (inflorescence) and kernels
plantwild/images/corn smut/google_0370.jpg,corn smut,inflorescence,0.90,Typical galls replacing corn ear/cob tissue (smut on the inflorescence)
plantwild/images/corn smut/google_0357.jpg,corn smut,inflorescence,0.93,"Galled, tumor-like growths on a corn ear/cob (inflorescence) visible"
plantwild/images/corn smut/google_0355.jpg,corn smut,inflorescence;seed_grain,0.92,Galls visible on the corn ear (cob) and on kernels (grains)
plantwild/images/corn smut/google_0348.jpg,corn smut,inflorescence;seed_grain,0.92,Galls replace kernels on the ear (cob) and directly affect grains/kernels
plantwild_v2/garlic white rot/wsu_garlic-white-rot-1L.jpg,garlic white rot,root;bulb,0.89,white rot visible on garlic bulbs and surrounding root mass/roots
plantwild_v2/onion basal rot/wsu_dg88L.jpg,onion basal rot,bulb,0.90,Visible necrotic/rot lesions and discoloration on the onion bulb surface.
plantwild_v2/garlic white rot/wsu_garlic-white-rot-2L.jpg,garlic white rot,bulb,0.92,Rot and fungal sclerotia clearly on garlic bulb/cloves surface
plantwild_v2/onion basal rot/wsu_onion-fusarium-basal-rot-4L.jpg,onion basal rot,bulb,0.93,Discoloration and decay visible on onion bulb bases and inner scales
plantwild_v2/garlic white rot/wsu_garlic-whie-rot-3L.jpg,garlic white rot,bulb,0.92,white mycelium and black sclerotia visible on garlic bulb/neck tissue
plantwild_v2/onion basal rot/wsu_dg90L.jpg,onion basal rot,root;bulb,0.92,Rot and discoloration visible on bulb base and attached roots
plantwild_v2/onion basal rot/wsu_dg92L.jpg,onion basal rot,bulb,0.90,Visible decay and lesions on onion bulbs (basal area) held in hands
plantwild_v2/peach anthracnose/peach_anthracnose_Bing_0000.jpg,peach anthracnose,fruit,0.95,Visible concentric lesions and rot on the peach surface (fruit)
plantwild_v2/onion basal rot/wsu_onion-fusarium-basal-rot-5L.jpg,onion basal rot,root;bulb,0.88,Dark rot at bulb base and surrounding root crown visible on cut onions
plantwild_v2/onion basal rot/wsu_onion-fusarium-basal-rot-3L.jpg,onion basal rot,bulb,0.90,Brown rot/discoloration visible in the onion bulb base and scales
plantwild_v2/peach anthracnose/peach_anthracnose_Bing_0001.jpg,peach anthracnose,fruit,0.92,Dark sunken circular lesion clearly visible on the peach fruit.
plantwild_v2/peach anthracnose/peach_anthracnose_Bing_0002.jpg,peach anthracnose,fruit,0.92,Visible lesions and splitting on peaches (fruits) clearly show symptoms
plantwild_v2/peach anthracnose/peach_anthracnose_Bing_0071.jpg,peach anthracnose,fruit,0.90,Visible necrotic lesions and spots on the peach fruit surface
plantwild_v2/peach anthracnose/peach_anthracnose_Bing_0027.jpg,peach anthracnose,fruit,0.90,"Visible sunken, necrotic lesions on the surfaces of the peaches (fruits)"
plantwild_v2/peach anthracnose/peach_anthracnose_Bing_0004.jpg,peach anthracnose,fruit,0.90,Visible lesions and heavy mold/rot on the peach fruits
plantwild_v2/peach anthracnose/peach_anthracnose_Bing_0013.jpg,peach anthracnose,fruit,0.93,Distinct circular necrotic lesion visible on the peach fruit surface
plantwild_v2/peach anthracnose/peach_anthracnose_Bing_0011.jpg,peach anthracnose,fruit,0.92,Visible external and internal lesions/rot on the peaches (fruits).
plantwild_v2/peach anthracnose/peach_anthracnose_Google_0001.jpg,peach anthracnose,fruit,0.90,Dark sunken lesion clearly visible on peach fruit surface
plantwild_v2/peach anthracnose/peach_anthracnose_Bing_0113.jpg,peach anthracnose,fruit,0.93,"Visible necrotic, sunken lesions on the fruit surface"
plantwild_v2/peach anthracnose/peach_anthracnose_Google_0091.jpg,peach anthracnose,fruit,0.88,Visible lesions and mold on peaches (fruits) in the photo
plantwild_v2/peach anthracnose/peach_anthracnose_Google_0197.jpg,peach anthracnose,fruit,0.95,"Visible sunken, necrotic lesion and mold on the peach fruit surface"
plantwild_v2/peach anthracnose/peach_anthracnose_Google_0016.jpg,peach anthracnose,fruit,0.90,"Visible necrotic, sunken lesions on the peach fruit surface"
plantwild/images/plum pocket disease/17.jpg,plum pocket disease,fruit,0.93,"Clearly deformed, swollen/plasmodium-like plums showing disease symptoms"
plantwild/images/plum pocket disease/16.jpg,plum pocket disease,fruit,0.86,Clearly deformed/swollen young plums visible on the branch (distorted fruits)
plantwild/images/plum pocket disease/19.jpg,plum pocket disease,fruit,0.85,Deformed pale swollen elongated fruit-like structures (typical pocketing) visible on branches.
plantwild/images/plum pocket disease/23.jpg,plum pocket disease,fruit,0.70,Visible swollen/distorted fruit-like structure showing disease symptoms
plantwild/images/plum pocket disease/15.jpg,plum pocket disease,leaf;fruit,0.85,"Curled, distorted leaves and swollen deformed fruit-like structures visible"
plantwild/images/plum pocket disease/2.jpg,plum pocket disease,leaf,0.90,"Leaves show clear yellowing, curling and deformation indicative of symptoms."
plantwild/images/plum pocket disease/25.jpg,plum pocket disease,fruit,0.90,Brown sunken lesions clearly present on multiple fruits (plums)
plantwild/images/plum pocket disease/4.jpg,plum pocket disease,fruit,0.92,Visible deformity and pustules on plums (fruits) attached to branch
plantwild/images/plum pocket disease/26.jpg,plum pocket disease,fruit,0.90,"Swollen, deformed/plump structures on developing fruits (bag-like) clearly visible"
plantwild/images/plum pocket disease/5.jpg,plum pocket disease,fruit,0.90,"Swollen, distorted plum fruits (pockets) clearly visible on branches"
plantwild/images/plum pocket disease/8.jpg,plum pocket disease,fruit,0.88,"Deformed, swollen/plague-like symptoms clearly visible on the plums (fruits)."
plantwild/images/plum pocket disease/google_0002.jpg,plum pocket disease,fruit,0.92,"Shriveled, deformed hanging plum fruit clearly showing disease symptoms"
plantwild/images/plum pocket disease/google_0001.jpg,plum pocket disease,fruit,0.90,"Shriveled, deformed hanging plums clearly symptomatic on the fruits"
plantwild/images/plum pocket disease/google_0003.jpg,plum pocket disease,fruit,0.90,"Clearly deformed, diseased plums visible; leaves appear largely healthy."
plantwild/images/plum pocket disease/google_0000.jpg,plum pocket disease,fruit,0.90,"Visible swollen, deformed and discolored plums showing classic fruit symptoms"
plantwild/images/plum pocket disease/google_0004.jpg,plum pocket disease,fruit,0.86,Visible diseased/deformed developing fruit on branch
plantwild/images/plum pocket disease/7.jpg,plum pocket disease,fruit,0.85,Visible deformed/abnormal small developing fruits along the branch; flowers look spent
plantwild/images/plum pocket disease/google_0006.jpg,plum pocket disease,fruit,0.92,"Deformed, spongy/gall-like growths clearly affecting the plums (fruits)"
plantwild/images/plum pocket disease/google_0010.jpg,plum pocket disease,fruit,0.90,"Swollen, deformed, pustular growths clearly visible on the fruits (plums)."
plantwild/images/plum pocket disease/google_0008.jpg,plum pocket disease,fruit,0.90,Deformed/abnormal plum fruits clearly visible (pouch-like distorted fruit)
plantwild/images/plum pocket disease/google_0007.jpg,plum pocket disease,fruit,0.90,"Deformed, swollen/abnormal plum-like structure clearly affecting the fruits"
plantwild/images/plum pocket disease/google_0011.jpg,plum pocket disease,fruit,0.86,"Clearly deformed, swollen/distorted plums visible on the tree"
plantwild/images/plum pocket disease/google_0005.jpg,plum pocket disease,fruit,0.90,"Deformed, swollen/elongated plums visible on the branches indicating fruit symptoms."
plantwild/images/plum pocket disease/google_0013.jpg,plum pocket disease,fruit,0.92,"Clearly deformed, swollen and hollowed plums showing disease symptoms"
plantwild/images/plum pocket disease/google_0012 - Copy.jpg,plum pocket disease,fruit,0.90,"Clearly deformed, swollen/utriculate plum fruits showing disease symptoms"
plantwild/images/plum pocket disease/google_0021.jpg,plum pocket disease,fruit,0.90,"Clearly deformed, swollen/misshapen plums (fruits) showing pocket disease symptoms"
plantwild/images/plum pocket disease/google_0020.jpg,plum pocket disease,fruit,0.93,Clearly swollen/deformed plums visible; leaves appear largely healthy.
plantwild/images/plum pocket disease/google_0022.jpg,plum pocket disease,fruit,0.90,"Clearly shriveled, deformed plum fruit hanging from the twig"
plantwild/images/plum pocket disease/google_0023.jpg,plum pocket disease,fruit,0.80,"Clearly visible distorted, hollow/abnormal fruits (pocketed plums); leaves appear largely normal."
plantwild/images/plum pocket disease/google_0028.jpg,plum pocket disease,fruit,0.92,Clearly deformed/swollen fruits visible typical of plum pocket disease
plantwild/images/plum pocket disease/google_0015.jpg,plum pocket disease,fruit,0.85,Clearly deformed/abnormal plums visible; leaves show no clear disease signs
plantwild/images/plum pocket disease/google_0024.jpg,plum pocket disease,fruit,0.91,"Visible deformed, swollen and split plums (fruits) with internal symptoms"
plantwild/images/plum pocket disease/google_0032.jpg,plum pocket disease,fruit,0.90,"Deformed, discolored and necrotic lesions clearly visible on the hanging fruit"
plantwild/images/plum pocket disease/google_0031.jpg,plum pocket disease,leaf;fruit,0.88,"Discolored, swollen/deformed plums and spotted/distorted leaf blades visible"
plantwild/images/plum pocket disease/google_0030.jpg,plum pocket disease,fruit,0.91,"Visible swollen, deformed, spongy plums with pustules attached to branch"
plantwild/images/plum pocket disease/google_0029.jpg,plum pocket disease,fruit,0.86,"Enlarged, distorted plum fruits show clear symptomatic swelling and deformation"
plantwild/images/plum pocket disease/google_0034.jpg,plum pocket disease,fruit,0.90,Deformed/abnormal swollen fruits with fungal growth at blossom ends.
plantwild/images/plum pocket disease/google_0033.jpg,plum pocket disease,fruit,0.88,Shriveled/deformed brown plum fruit clearly showing pocket disease symptoms
plantwild/images/plum pocket disease/google_0027.jpg,plum pocket disease,fruit,0.90,"Deformed, brown, elongated diseased structure replacing/attached to the fruit"
plantwild/images/plum pocket disease/google_0039.jpg,plum pocket disease,fruit,0.93,"Deformed, hollowed and swollen plum fruits clearly show disease symptoms"
plantwild/images/plum pocket disease/google_0040.jpg,plum pocket disease,fruit,0.86,Clearly swollen/ distorted plums with lesions typical of plum pocket disease
plantwild/images/plum pocket disease/google_0041.jpg,plum pocket disease,fruit,0.90,"Deformed, swollen/elongated developing fruits visibly affected on branches"
plantwild/images/plum pocket disease/google_0043.jpg,plum pocket disease,fruit,0.85,"Deformed, swollen/plump fruits show clear symptoms consistent with plum pocket disease"
plantwild/images/plum pocket disease/google_0047.jpg,plum pocket disease,fruit,0.90,"Clearly swollen, deformed plums showing pocket disease symptoms on fruits"
plantwild/images/plum pocket disease/google_0038.jpg,plum pocket disease,fruit,0.90,"Deformed, swollen and hollowed plum-like structures clearly visible on fruits"
plantwild/images/plum pocket disease/google_0035.jpg,plum pocket disease,fruit,0.90,"Deformed, discolored/lesioned plum fruits clearly symptomatic"
plantwild/images/plum pocket disease/google_0048.jpg,plum pocket disease,fruit,0.90,Clearly visible deformed/abnormal plum fruit (pocketed) hanging from branch
plantwild/images/plum pocket disease/google_0060.jpg,plum pocket disease,fruit,0.90,Clearly deformed/swollen elongated fruits characteristic of plum pocket disease
plantwild/images/plum pocket disease/google_0059.jpg,plum pocket disease,fruit,0.86,Several plums show obvious deformation browning and decay consistent with disease symptoms
plantwild/images/plum pocket disease/google_0065.jpg,plum pocket disease,fruit,0.87,Noticeable deformed/swollen plum fruit showing classic pocket symptoms
plantwild/images/plum pocket disease/google_0056.jpg,plum pocket disease,fruit,0.91,"Deformed, elongated and shriveled plum fruits clearly show symptoms."
plantwild/images/plum pocket disease/google_0066.jpg,plum pocket disease,fruit,0.90,Multiple swollen / deformed plum fruits show clear disease symptoms
plantwild/images/plum pocket disease/google_0064.jpg,plum pocket disease,fruit,0.92,"Deformed, hollowed small fruits clearly show disease symptoms"
plantwild/images/plum pocket disease/google_0067.jpg,plum pocket disease,fruit,0.92,Visible pustules and deformation on the plum fruit surface
plantwild/images/plum pocket disease/google_0069.jpg,plum pocket disease,fruit,0.90,"Blighted, swollen, discolored plums clearly show disease symptoms on fruits"
plantwild/images/plum pocket disease/google_0062.jpg,plum pocket disease,fruit;seed_grain,0.60,Shriveled deformed fruit and an abnormal-looking seed/pit visible
plantwild/images/plum pocket disease/google_0071.jpg,plum pocket disease,fruit,0.90,"Visible swollen, distorted plum fruit with disease symptoms; leaves appear largely healthy."
plantwild/images/plum pocket disease/google_0074.jpg,plum pocket disease,fruit,0.92,"Deformed, enlarged/abnormal plums clearly visible on the fruiting structures"
plantwild/images/plum pocket disease/google_0076.jpg,plum pocket disease,leaf,0.88,"Clearly curled, distorted leaf blades with blistered growths visible"
plantwild/images/plum pocket disease/google_0098.jpg,plum pocket disease,fruit,0.90,"Deformed, swollen pear-shaped fruit with surface discoloration visible on the fruit"
plantwild/images/plum pocket disease/google_0094.jpg,plum pocket disease,fruit,0.90,"Deformed, elongated swollen plums (classic plum pocket symptoms) visible on cluster."
plantwild/images/plum pocket disease/google_0099.jpg,plum pocket disease,fruit,0.88,"Discolored, distorted plum fruits show clear symptomatic lesions."
plantwild/images/plum pocket disease/google_0097.jpg,plum pocket disease,fruit,0.90,"Numerous swollen, deformed developing fruits/fruitlets visible on the branches"
plantwild/images/plum pocket disease/google_0101.jpg,plum pocket disease,fruit,0.92,"Numerous distorted, swollen plum-like structures consistent with fruit symptoms"
plantwild/images/plum pocket disease/google_0113.jpg,plum pocket disease,fruit,0.85,Visible swollen/deformed plums showing disease symptoms on fruits
plantwild/images/plum pocket disease/google_0105.jpg,plum pocket disease,fruit,0.88,"Clearly shows a deformed, swollen plum-like fruit; leaves look healthy."
plantwild/images/plum pocket disease/google_0104.jpg,plum pocket disease,fruit,0.90,"Deformed, swollen and discolored plums clearly showing disease symptoms"
plantwild/images/plum pocket disease/google_0128.jpg,plum pocket disease,fruit,0.88,"Distinct symptoms (deformed, pitted/plague-like spots) clearly on the fruits"
plantwild/images/plum pocket disease/google_0122.jpg,plum pocket disease,fruit,0.85,Deformed swollen/elongated plum-like structure clearly visible as affected fruit
plantwild/images/plum pocket disease/google_0131.jpg,plum pocket disease,fruit,0.90,"Clearly swollen, distorted plums showing pocket disease symptoms on fruits"
plantwild/images/plum pocket disease/google_0143.jpg,plum pocket disease,fruit,0.90,"Clearly deformed, swollen/elongated fruits showing disease symptoms"
plantwild/images/plum pocket disease/google_0117.jpg,plum pocket disease,fruit,0.85,Distinct lesions/deformities visible on multiple developing fruits (elongated green structures).
plantwild/images/plum pocket disease/google_0161.jpg,plum pocket disease,fruit,0.90,Clearly visible deformed/swollen plums (fruits) showing symptoms
plantwild/images/plum pocket disease/google_0145.jpg,plum pocket disease,fruit,0.90,"Visible deformed, swollen plums with fungal/powdery tissue on the fruits"
plantwild_v2/potato bacterial soft rot/wsu_dg119L.jpg,potato bacterial soft rot,tuber,0.92,"Cut potato tuber showing internal soft, discolored rot symptoms"
plantwild_v2/potato bacterial soft rot/wsu_potato-bacterial-soft-rot-1L.jpg,potato bacterial soft rot,tuber,0.95,Internal soft rot visible in a sliced potato tuber
plantwild_v2/potato bacterial soft rot/wsu_potato-bacterial-soft-rot-6L.jpg,potato bacterial soft rot,tuber,0.92,Lesions and decay clearly visible on a potato tuber surface
plantwild/images/plum pocket disease/google_0115.jpg,plum pocket disease,leaf;fruit,0.87,"Deformed/puffed fruits and curled, distorted leaves show visible symptoms"
plantwild_v2/potato dry rot/wsu_Fusarium-tuber-dry-rot-2-InglisL.jpg,potato dry rot,tuber,0.96,Cross-section of a potato tuber shows internal necrosis and dry rot symptoms
plantwild_v2/potato bacterial soft rot/wsu_potato-bacterial-soft-rot-2L.jpg,potato bacterial soft rot,tuber,0.92,Cross-sections of potato tubers showing internal soft rot symptoms
plantwild_v2/potato dry rot/wsu_Fusarium-tuber-dry-rot-InglisL.jpg,potato dry rot,tuber,0.90,Internal and surface decay visible on potato tuber halves consistent with dry rot
plantwild_v2/wheat head scab/wheat_head_scab_Baidu_0006.jpg,wheat head scab,inflorescence,0.96,Bleached/lesioned wheat spikes and spikelets visible on the heads (inflorescences).
plantwild_v2/wheat head scab/wheat_head_scab_Baidu_0018.jpg,wheat head scab,inflorescence;seed_grain,0.90,Discolored/bleached wheat heads and shriveled kernels visible in spikes
plantwild_v2/wheat head scab/wheat_head_scab_Baidu_0008.jpg,wheat head scab,inflorescence;seed_grain,0.86,Bleached wheat heads and shriveled/affected grains visible in the spikes
plantwild_v2/wheat head scab/wheat_head_scab_Baidu_0003.jpg,wheat head scab,inflorescence,0.90,"Discolored, necrotic lesions visible on wheat heads/ears (spikes)"
plantwild_v2/wheat head scab/wheat_head_scab_Baidu_0019.jpg,wheat head scab,inflorescence;seed_grain,0.90,Bleached/wilted wheat heads and shriveled/discolored kernels visible
plantwild_v2/wheat head scab/wheat_head_scab_Baidu_0030.jpg,wheat head scab,inflorescence;seed_grain,0.92,Discolored wheat heads and affected kernels visible on the spikes
plantwild_v2/wheat head scab/wheat_head_scab_Baidu_0001.jpg,wheat head scab,inflorescence;seed_grain,0.90,Bleached spikelets and shrivelled/rot kernels on the wheat head
plantwild_v2/wheat head scab/wheat_head_scab_Baidu_0035.jpg,wheat head scab,inflorescence,0.92,Orange/pink fungal symptoms visible on wheat spikelet/flower head (ear)
plantwild_v2/wheat head scab/wheat_head_scab_Baidu_0037.jpg,wheat head scab,inflorescence;seed_grain,0.88,Discolored spikelets and visible affected grains/kernels on the wheat head
plantwild_v2/wheat head scab/wheat_head_scab_Baidu_0044.jpg,wheat head scab,inflorescence;seed_grain,0.92,"Discolored, shriveled wheat heads and affected kernels visible on the ears"
plantwild_v2/wheat head scab/wheat_head_scab_Baidu_0045.jpg,wheat head scab,inflorescence;seed_grain,0.88,Bleached/necrotic wheat spikelets on the head; individual grains appear discolored
plantwild_v2/wheat head scab/wheat_head_scab_Baidu_0049.jpg,wheat head scab,inflorescence;seed_grain,0.90,Bleached/spotted spikelets and shriveled/abnormal kernels visible on the wheat head
plantwild_v2/wheat head scab/wheat_head_scab_Baidu_0036.jpg,wheat head scab,inflorescence;seed_grain,0.89,Bleached heads and discolored/decayed grains visible on wheat spikes
plantwild_v2/wheat head scab/wheat_head_scab_Baidu_0050.jpg,wheat head scab,inflorescence;seed_grain,0.86,Bleached/necrotic wheat heads and discolored/shriveled grains visible
plantwild_v2/wheat head scab/wheat_head_scab_Baidu_0053.jpg,wheat head scab,inflorescence;seed_grain,0.86,Bleached/necrotic wheat heads and discolored kernels visible on spikelets
plantwild_v2/wheat head scab/wheat_head_scab_Baidu_0028.jpg,wheat head scab,inflorescence;seed_grain,0.90,"Bleached, discolored spikelets and shriveled kernels visible on wheat heads"
plantwild_v2/wheat head scab/wheat_head_scab_Baidu_0065.jpg,wheat head scab,inflorescence,0.92,Bleached and necrotic wheat heads/spikes showing scab symptoms
plantwild_v2/wheat head scab/wheat_head_scab_Baidu_0058.jpg,wheat head scab,inflorescence;seed_grain,0.90,Bleached wheat heads and shriveled/affected grains visible on the spikes
plantwild_v2/wheat head scab/wheat_head_scab_Baidu_0066.jpg,wheat head scab,inflorescence,0.93,Bleached and discolored wheat heads/spikelets show visible lesions
plantwild_v2/wheat head scab/wheat_head_scab_Baidu_0070.jpg,wheat head scab,inflorescence,0.88,Bleached and discolored wheat heads/spikes clearly showing scab symptoms
plantwild_v2/wheat head scab/wheat_head_scab_Baidu_0007.jpg,wheat head scab,inflorescence,0.92,Bleached/discolored wheat heads and spikelets visible on ears
plantwild_v2/wheat head scab/wheat_head_scab_Baidu_0077.jpg,wheat head scab,inflorescence,0.88,"Discolored, shriveled wheat spikelets/ear visible on the head (spike/inflorescence)."
plantwild_v2/wheat head scab/wheat_head_scab_Baidu_0078.jpg,wheat head scab,inflorescence,0.90,Bleached/necrotic wheat heads and spikelets clearly visible on the ears
plantwild_v2/wheat head scab/wheat_head_scab_Baidu_0080.jpg,wheat head scab,inflorescence;seed_grain,0.90,Bleached/diseased spikelets and discolored kernels visible on wheat heads
plantwild_v2/wheat head scab/wheat_head_scab_Baidu_0072.jpg,wheat head scab,inflorescence;seed_grain,0.90,Bleached/discolored wheat heads and affected kernels visible on spikelets.
plantwild_v2/wheat head scab/wheat_head_scab_Baidu_0071.jpg,wheat head scab,inflorescence;seed_grain,0.93,"Bleached, discolored wheat heads and shriveled/affected kernels visible"
plantwild_v2/wheat head scab/wheat_head_scab_Baidu_0081.jpg,wheat head scab,inflorescence,0.92,Discolored/bleached wheat heads and spikelets show scab symptoms on the ears
plantwild_v2/wheat head scab/wheat_head_scab_Baidu_0074.jpg,wheat head scab,inflorescence,0.91,Bleached/necrotic wheat heads/spikes clearly visible (scab symptoms on heads)
plantwild_v2/wheat head scab/wheat_head_scab_Baidu_0082.jpg,wheat head scab,inflorescence,0.91,"bleached, damaged wheat heads/spikes showing scab symptoms"
plantwild_v2/wheat head scab/wheat_head_scab_Baidu_0085.jpg,wheat head scab,inflorescence;seed_grain,0.87,Bleached/discolored wheat heads and affected kernels visible on the spikelets.
plantwild_v2/wheat head scab/wheat_head_scab_Baidu_0087.jpg,wheat head scab,inflorescence,0.88,"Bleached, scabby wheat heads/spikes clearly visible on the ears (inflorescences)."
plantwild_v2/wheat head scab/wheat_head_scab_Baidu_0089.jpg,wheat head scab,inflorescence;seed_grain,0.88,"Bleached, shriveled wheat heads and affected kernels visible in the spikes"
plantwild_v2/wheat head scab/wheat_head_scab_Baidu_0092.jpg,wheat head scab,inflorescence,0.92,"Discolored, shriveled wheat heads/spikes showing characteristic scab symptoms"
plantwild_v2/wheat head scab/wheat_head_scab_Baidu_0090.jpg,wheat head scab,inflorescence;seed_grain,0.90,Bleached/discolored wheat heads and exposed discolored kernels visible
plantwild_v2/wheat head scab/wheat_head_scab_Baidu_0091.jpg,wheat head scab,inflorescence;seed_grain,0.90,Bleached/shriveled wheat heads and kernels visible on the spike/ear
plantwild_v2/wheat head scab/wheat_head_scab_Baidu_0100.jpg,wheat head scab,inflorescence,0.88,Discolored/spotted wheat heads (ears/spikes) show scab symptoms clearly.
plantwild_v2/wheat head scab/wheat_head_scab_Baidu_0097.jpg,wheat head scab,inflorescence,0.90,Bleached/necrotic wheat heads and spikelets clearly visible on the ears
plantwild_v2/wheat head scab/wheat_head_scab_Baidu_0101.jpg,wheat head scab,inflorescence;seed_grain,0.90,Bleached/discolored wheat heads and kernels visible on the ears
plantwild_v2/wheat head scab/wheat_head_scab_Baidu_0109.jpg,wheat head scab,stem;inflorescence,0.90,discolored wheat heads and lesions on the stem/node visible
plantwild_v2/wheat head scab/wheat_head_scab_Baidu_0093.jpg,wheat head scab,inflorescence,0.90,Bleached/necrotic wheat heads (ears) showing scab symptoms clearly
plantwild_v2/wheat head scab/wheat_head_scab_Baidu_0111.jpg,wheat head scab,inflorescence,0.92,Visible diseased wheat heads/spikes showing scab symptoms on the ears
plantwild_v2/wheat head scab/wheat_head_scab_Baidu_0112.jpg,wheat head scab,inflorescence;seed_grain,0.90,Orange fungal lesions on spikelets and exposed grains within the wheat head
plantwild_v2/wheat head scab/wheat_head_scab_Baidu_0121.jpg,wheat head scab,inflorescence;seed_grain,0.86,"Bleached, shriveled wheat heads and kernels visible on spikes"
plantwild_v2/wheat head scab/wheat_head_scab_Baidu_0127.jpg,wheat head scab,inflorescence,0.90,"Bleached, shriveled wheat heads/spikes show clear symptoms"
plantwild_v2/wheat head scab/wheat_head_scab_Baidu_0129.jpg,wheat head scab,inflorescence,0.92,"Bleached, scabby wheat heads/ears clearly visible on the spikes"
plantwild_v2/wheat head scab/wheat_head_scab_Baidu_0128.jpg,wheat head scab,inflorescence,0.90,Bleached/discolored wheat heads (spikes/ears) show scab symptoms clearly visible
plantwild_v2/wheat head scab/wheat_head_scab_Baidu_0137.jpg,wheat head scab,inflorescence,0.90,"Bleached, damaged wheat heads/ears (spikes) showing scab symptoms"
plantwild_v2/wheat head scab/wheat_head_scab_Baidu_0138.jpg,wheat head scab,inflorescence;seed_grain,0.90,"Bleached, discolored wheat heads and affected kernels visible on spikelets"
plantwild_v2/wheat head scab/wheat_head_scab_Baidu_0131.jpg,wheat head scab,inflorescence,0.90,"Bleached, necrotic wheat heads/spikelets (ears) show visible symptoms."
plantwild_v2/wheat head scab/wheat_head_scab_Baidu_0139.jpg,wheat head scab,inflorescence,0.90,"Bleached, discolored wheat heads/spikes showing scab symptoms"
plantwild_v2/wheat head scab/wheat_head_scab_Baidu_0162.jpg,wheat head scab,inflorescence;seed_grain,0.92,Discolored/bleached grains and symptomatic wheat heads (spikes/ears) clearly visible
plantwild_v2/wheat head scab/wheat_head_scab_Baidu_0176.jpg,wheat head scab,inflorescence,0.94,"Bleached, damaged wheat heads/ears visible (spike/ear symptoms)"
plantwild_v2/wheat head scab/wheat_head_scab_Baidu_0144.jpg,wheat head scab,inflorescence,0.90,Bleached/brown wheat heads and spikelets show scab symptoms on the heads
plantwild_v2/wheat head scab/wheat_head_scab_Baidu_0185.jpg,wheat head scab,inflorescence,0.92,Bleached/necrotic symptoms visible on wheat heads/ears (spike inflorescences).
plantwild_v2/wheat head scab/wheat_head_scab_Baidu_0175.jpg,wheat head scab,inflorescence;seed_grain,0.90,Discolored/shriveled wheat heads and individual kernels visible on spikelets.
plantwild_v2/wheat head scab/wheat_head_scab_Baidu_0186.jpg,wheat head scab,inflorescence;seed_grain,0.90,Bleached/necrotic wheat heads and kernels visible on the spikelets
plantwild_v2/wheat head scab/wheat_head_scab_Baidu_0192.jpg,wheat head scab,inflorescence;seed_grain,0.90,"Bleached, discolored wheat heads and shriveled/affected grains visible in the spikes"
plantwild_v2/wheat head scab/wheat_head_scab_Baidu_0182.jpg,wheat head scab,inflorescence,0.90,"Bleached, discolored wheat heads/ears showing scab symptoms on spikes"
plantwild_v2/wheat head scab/wheat_head_scab_Baidu_0197.jpg,wheat head scab,inflorescence,0.92,Bleached and discolored wheat heads/spikelets showing scab symptoms
plantwild_v2/wheat head scab/wheat_head_scab_Baidu_0194.jpg,wheat head scab,inflorescence;seed_grain,0.88,Bleached/spotted wheat spike and affected individual grains visible in the head
plantwild_v2/wheat head scab/wheat_head_scab_Baidu_0202.jpg,wheat head scab,inflorescence;seed_grain,0.90,Orange/brown scabby lesions visible on wheat spikes and on kernels/grains
plantwild_v2/wheat head scab/wheat_head_scab_Baidu_0201.jpg,wheat head scab,inflorescence,0.92,"Bleached, discolored wheat heads/spikelets showing scab symptoms on the ear"
plantwild_v2/wheat head scab/wheat_head_scab_Baidu_0206.jpg,wheat head scab,inflorescence;seed_grain,0.91,"Discolored, shriveled kernels and fungal growth on wheat ear and grains"
plantwild_v2/wheat head scab/wheat_head_scab_Baidu_0215.jpg,wheat head scab,inflorescence,0.95,"Bleached, discolored wheat heads/ears showing scab symptoms on spikes"
plantwild_v2/wheat head scab/wheat_head_scab_Baidu_0057.jpg,wheat head scab,inflorescence,0.92,Bleached/discolored spikelets on the wheat head (ear) are visible
plantwild_v2/wheat head scab/wheat_head_scab_Baidu_0233.jpg,wheat head scab,inflorescence;seed_grain,0.90,"Bleached/necrotic wheat heads and shriveled, scabby grains visible"
plantwild_v2/wheat head scab/wheat_head_scab_Baidu_0231.jpg,wheat head scab,inflorescence;seed_grain,0.90,Bleached wheat head and discolored/bleached kernels visible on the spike
plantwild_v2/wheat head scab/wheat_head_scab_Baidu_0244.jpg,wheat head scab,inflorescence,0.90,Bleached/necrotic wheat heads (spikes) clearly visible
plantwild_v2/wheat head scab/wheat_head_scab_Baidu_0245.jpg,wheat head scab,inflorescence,0.86,"Discolored, bleached wheat heads/spikes showing symptomatic lesions"
plantwild_v2/wheat head scab/wheat_head_scab_Baidu_0247.jpg,wheat head scab,inflorescence;seed_grain,0.86,Bleached spikelets on heads and shriveled/discolored grains visible
plantwild_v2/wheat head scab/wheat_head_scab_Baidu_0253.jpg,wheat head scab,inflorescence,0.88,"Bleached, diseased wheat heads/ears (spikes) clearly visible"
plantwild_v2/wheat head scab/wheat_head_scab_Baidu_0254.jpg,wheat head scab,inflorescence;seed_grain,0.88,Bleached/necrotic wheat heads and affected kernels visible in spikelets
plantwild_v2/wheat head scab/wheat_head_scab_Baidu_0257.jpg,wheat head scab,inflorescence,0.86,Bleached/necrotic wheat heads and spikelets clearly visible on the ears
plantwild_v2/wheat head scab/wheat_head_scab_Baidu_0258.jpg,wheat head scab,inflorescence;seed_grain,0.90,Bleached spikelets and shriveled kernels visible on wheat heads and grains
plantwild_v2/wheat head scab/wheat_head_scab_Baidu_0259.jpg,wheat head scab,inflorescence;seed_grain,0.90,Bleached/discolored spikelets and affected kernels visible on the wheat head
plantwild_v2/wheat head scab/wheat_head_scab_Baidu_0262.jpg,wheat head scab,inflorescence,0.92,"Bleached, scabby symptoms visible on wheat heads/ears (spikes)"
plantwild_v2/wheat head scab/wheat_head_scab_Baidu_0271.jpg,wheat head scab,inflorescence;seed_grain,0.90,Bleached spike/ear and shriveled kernels visible on the wheat head
plantwild_v2/wheat head scab/wheat_head_scab_Baidu_0267.jpg,wheat head scab,inflorescence,0.88,Bleached/discolored wheat heads and spikelets clearly visible on the ears/heads
plantwild_v2/wheat head scab/wheat_head_scab_Baidu_0264.jpg,wheat head scab,inflorescence,0.92,Bleached/necrotic wheat spikes and spikelets clearly showing symptoms on heads
plantwild_v2/wheat head scab/wheat_head_scab_Baidu_0276.jpg,wheat head scab,inflorescence,0.92,"Bleached, diseased wheat spikes/heads clearly visible (scab on the inflorescences)."
plantwild_v2/wheat head scab/wheat_head_scab_Baidu_0279.jpg,wheat head scab,inflorescence,0.90,"Bleached, discolored wheat heads/spikes showing scab symptoms on spikes"
plantwild_v2/wheat head scab/wheat_head_scab_Baidu_0281.jpg,wheat head scab,inflorescence;seed_grain,0.85,"Bleached, shriveled wheat heads and affected kernels visible on the spikes"
plantwild_v2/wheat head scab/wheat_head_scab_Baidu_0282.jpg,wheat head scab,inflorescence;seed_grain,0.90,Bleached/necrotic wheat heads and visibly damaged/shriveled grains on spikes
plantwild_v2/wheat head scab/wheat_head_scab_Baidu_0369.jpg,wheat head scab,inflorescence,0.91,Bleached/necrotic symptoms visible on wheat heads/spikes (spikelets)
plantwild_v2/wheat head scab/wheat_head_scab_Baidu_0365.jpg,wheat head scab,inflorescence;seed_grain,0.90,"Bleached, scabby wheat spikes and shriveled/affected grains visible on heads"
plantwild_v2/wheat head scab/wheat_head_scab_Baidu_0321.jpg,wheat head scab,inflorescence;seed_grain,0.90,"Bleached, shriveled wheat heads and affected kernels visible on the spikes"
plantwild_v2/wheat head scab/wheat_head_scab_Baidu_0406.jpg,wheat head scab,inflorescence;seed_grain,0.93,Discolored/bleached wheat heads and affected individual grains visible
plantwild_v2/wheat head scab/wheat_head_scab_Baidu_0418.jpg,wheat head scab,inflorescence,0.95,"Bleached, damaged wheat heads (ears/spikes) show scab symptoms"
plantwild_v2/wheat head scab/wheat_head_scab_Baidu_0405.jpg,wheat head scab,inflorescence;seed_grain,0.90,Bleached spikelets and shriveled kernels on wheat heads
plantwild_v2/wheat head scab/wheat_head_scab_Baidu_0424.jpg,wheat head scab,inflorescence,0.92,Bleached and brown scabby lesions visible on wheat heads/spikes (inflorescences)
plantwild_v2/wheat head scab/wheat_head_scab_Baidu_0332.jpg,wheat head scab,inflorescence;seed_grain,0.86,"Bleached, shriveled kernels visible on wheat heads (ears/spikes and grains)."
plantwild_v2/wheat head scab/wheat_head_scab_Baidu_0428.jpg,wheat head scab,inflorescence,0.86,Bleached/necrotic wheat heads and spikelets visible on ears (spikes)
plantwild_v2/wheat head scab/wheat_head_scab_Baidu_0431.jpg,wheat head scab,inflorescence;seed_grain,0.90,"Bleached, damaged wheat heads and affected kernels visible on spikes"
plantwild_v2/wheat head scab/wheat_head_scab_Baidu_0436.jpg,wheat head scab,inflorescence,0.88,"Bleached, scabby wheat heads/ears show characteristic symptoms on the inflorescences."
plantwild_v2/wheat head scab/wheat_head_scab_Baidu_0435.jpg,wheat head scab,inflorescence,0.88,"Bleached, shriveled wheat heads/ears showing symptomatic spikelets"
plantwild_v2/wheat head scab/wheat_head_scab_Baidu_0434.jpg,wheat head scab,inflorescence;seed_grain,0.90,Pink/orange scabby lesions on wheat spikelets and exposed kernels
plantwild_v2/wheat head scab/wheat_head_scab_Baidu_0451.jpg,wheat head scab,inflorescence;seed_grain,0.84,Bleached spikelets and discolored/shriveled kernels on wheat heads visible
plantwild_v2/wheat head scab/wheat_head_scab_Baidu_0438.jpg,wheat head scab,inflorescence;seed_grain,0.88,Bleached/necrotic wheat heads and shriveled/failed grains visible on spikes
plantwild_v2/wheat head scab/wheat_head_scab_Baidu_0456.jpg,wheat head scab,inflorescence,0.93,"Bleached, damaged wheat spikes/ears visible (head symptoms of scab)"
plantwild_v2/wheat head scab/wheat_head_scab_Baidu_0465.jpg,wheat head scab,inflorescence,0.90,"Bleached, diseased wheat spikes/ears visible on the head (spike)"
plantwild_v2/wheat head scab/wheat_head_scab_Baidu_0462.jpg,wheat head scab,inflorescence,0.90,Bleached/necrotic spikelets visible on wheat heads (ears/spikes)
plantwild_v2/wheat head scab/wheat_head_scab_Baidu_0457.jpg,wheat head scab,inflorescence,0.90,Discolored/bleached wheat heads and spikelets clearly show scab symptoms
plantwild_v2/wheat head scab/wheat_head_scab_Baidu_0468.jpg,wheat head scab,inflorescence,0.85,"Bleached, scabby wheat heads (ears/spikes) clearly show symptoms on inflorescences"
plantwild_v2/wheat head scab/wheat_head_scab_Baidu_0484.jpg,wheat head scab,inflorescence;seed_grain,0.90,Bleached wheat heads and affected/shriveled grains visible in the spikes
plantwild_v2/wheat head scab/wheat_head_scab_Baidu_0481.jpg,wheat head scab,inflorescence,0.90,discolored spikelets/ears visible on the wheat head (spike/ear)
plantwild_v2/wheat head scab/wheat_head_scab_Baidu_0474.jpg,wheat head scab,inflorescence;seed_grain,0.92,Bleached/necrotic spikelets and kernels visible on wheat heads (spikes).
plantwild_v2/wheat head scab/wheat_head_scab_Baidu_0495.jpg,wheat head scab,inflorescence;seed_grain,0.89,Bleached spikelets on the head and discolored/shriveled grains visible
plantwild_v2/wheat head scab/wheat_head_scab_Baidu_0496.jpg,wheat head scab,inflorescence;seed_grain,0.90,Discolored spikelets and orange lesions on kernels within wheat heads
plantwild_v2/wheat head scab/wheat_head_scab_Bing_0002.jpg,wheat head scab,inflorescence,0.90,Bleached/discolored wheat spikes and spikelets visible on the head (ear).
plantwild_v2/wheat head scab/wheat_head_scab_Bing_0001.jpg,wheat head scab,inflorescence;seed_grain,0.86,Bleached/pinkish spikelets and affected grains visible on wheat heads
plantwild_v2/wheat head scab/wheat_head_scab_Bing_0006.jpg,wheat head scab,inflorescence;seed_grain,0.90,"Discolored, bleached spikelets and shriveled/affected kernels on wheat heads"
plantwild_v2/wheat head scab/wheat_head_scab_Bing_0007.jpg,wheat head scab,inflorescence,0.90,Bleached/necrotic wheat heads and spikelets visible on the ears (inflorescences)
plantwild_v2/wheat head scab/wheat_head_scab_Bing_0005.jpg,wheat head scab,inflorescence,0.87,Bleached/discolored wheat head spikelets visible on the ear/inflorescence.
plantwild_v2/wheat head scab/wheat_head_scab_Bing_0004.jpg,wheat head scab,inflorescence,0.92,Bleached/pinked spikelets on the wheat head (ears/spike) clearly symptomatic
plantwild_v2/wheat head scab/wheat_head_scab_Bing_0011.jpg,wheat head scab,inflorescence;seed_grain,0.87,Bleached/discolored spikelets and affected kernels visible on wheat head
plantwild_v2/wheat head scab/wheat_head_scab_Bing_0008.jpg,wheat head scab,inflorescence;seed_grain,0.87,Bleached/necrotic wheat heads and affected kernels visible on the spikes.
plantwild_v2/wheat head scab/wheat_head_scab_Bing_0009.jpg,wheat head scab,inflorescence;seed_grain,0.90,Bleached spikelets on the head and shriveled/bleached grains visible
plantwild_v2/wheat head scab/wheat_head_scab_Bing_0013.jpg,wheat head scab,inflorescence;seed_grain,0.91,"Discolored, bleached spikelets and affected kernels visible on wheat heads"
plantwild_v2/wheat head scab/wheat_head_scab_Bing_0010.jpg,wheat head scab,inflorescence;seed_grain,0.90,Discolored spikelets and kernels visible on the wheat head
plantwild_v2/wheat head scab/wheat_head_scab_Bing_0015.jpg,wheat head scab,leaf;inflorescence,0.90,"discolored, shriveled wheat heads and spotted/streaked leaf visible"
plantwild_v2/wheat head scab/wheat_head_scab_Bing_0014.jpg,wheat head scab,inflorescence,0.92,Bleached/necrotic wheat head and spikelets clearly symptomatic
plantwild_v2/wheat head scab/wheat_head_scab_Bing_0016.jpg,wheat head scab,inflorescence,0.92,"Bleached, discolored wheat spikelets and heads showing scab symptoms on the spike"
plantwild_v2/wheat head scab/wheat_head_scab_Bing_0017.jpg,wheat head scab,inflorescence,0.90,Bleached/discolored wheat spikes and spikelets visible on the ear/inflorescence
plantwild_v2/wheat head scab/wheat_head_scab_Bing_0023.jpg,wheat head scab,inflorescence,0.94,"Discolored, necrotic spikelets and kernels on the wheat head (ear) visible"
plantwild_v2/wheat head scab/wheat_head_scab_Bing_0019.jpg,wheat head scab,inflorescence,0.92,"Discolored, bleached and shriveled wheat heads/ears (spikes) show visible symptoms."
plantwild_v2/wheat head scab/wheat_head_scab_Bing_0025.jpg,wheat head scab,inflorescence,0.92,"Discolored, scabby spikelets visible on the wheat head/ear (inflorescence)."
plantwild_v2/wheat head scab/wheat_head_scab_Bing_0021.jpg,wheat head scab,inflorescence;seed_grain,0.90,"Bleached, shriveled wheat heads and affected grains visible on the spikes"
plantwild_v2/wheat head scab/wheat_head_scab_Bing_0027.jpg,wheat head scab,inflorescence;seed_grain,0.86,Discolored/bleached wheat heads and affected kernels visible on the spikes.
plantwild_v2/wheat head scab/wheat_head_scab_Bing_0035.jpg,wheat head scab,inflorescence,0.90,Bleached/necrotic symptoms visible on wheat heads (spikes/ears)
plantwild_v2/wheat head scab/wheat_head_scab_Bing_0037.jpg,wheat head scab,inflorescence,0.90,Bleached/discolored wheat heads/spikelets (ears) show scab symptoms
plantwild_v2/wheat head scab/wheat_head_scab_Bing_0036.jpg,wheat head scab,inflorescence;seed_grain,0.90,"Bleached, discolored wheat heads and affected/ shriveled kernels visible"
plantwild_v2/wheat head scab/wheat_head_scab_Bing_0030.jpg,wheat head scab,inflorescence,0.90,Bleached/discolored wheat heads (spikes/ears) show scab symptoms
plantwild_v2/wheat head scab/wheat_head_scab_Bing_0040.jpg,wheat head scab,inflorescence,0.90,bleached/pinkish diseased spikelets visible on wheat heads (spikes)
plantwild_v2/wheat head scab/wheat_head_scab_Bing_0039.jpg,wheat head scab,inflorescence,0.90,"Bleached, discolored wheat heads/ears with affected spikelets visible"
plantwild_v2/wheat head scab/wheat_head_scab_Bing_0052.jpg,wheat head scab,inflorescence;seed_grain,0.85,Bleached/necrotic wheat spikelets and affected grains visible on the head
plantwild_v2/wheat head scab/wheat_head_scab_Bing_0043.jpg,wheat head scab,inflorescence;seed_grain,0.90,Bleached spikelets on the head and shriveled/discolored grains visible
plantwild_v2/wheat head scab/wheat_head_scab_Bing_0053.jpg,wheat head scab,inflorescence;seed_grain,0.86,Bleached/discolored wheat heads and affected kernels visible on spikes
plantwild_v2/wheat head scab/wheat_head_scab_Bing_0056.jpg,wheat head scab,inflorescence;seed_grain,0.90,"Bleached, shriveled kernels and discolored spikelets on the wheat head"
plantwild_v2/wheat head scab/wheat_head_scab_Bing_0051.jpg,wheat head scab,inflorescence,0.90,Bleached/necrotic symptoms clearly on wheat heads (spikes/ears)
plantwild_v2/wheat head scab/wheat_head_scab_Bing_0069.jpg,wheat head scab,inflorescence;seed_grain,0.92,Discolored/bleached spikelets and shriveled kernels visible on wheat heads
plantwild_v2/wheat head scab/wheat_head_scab_Bing_0067.jpg,wheat head scab,inflorescence;seed_grain,0.92,Bleached wheat heads and shriveled/affected kernels visible on the spikes
plantwild_v2/wheat head scab/wheat_head_scab_Bing_0068.jpg,wheat head scab,inflorescence,0.90,"Bleached, discolored wheat heads/spikelets visible on the ears (spike inflorescences)"
plantwild_v2/wheat head scab/wheat_head_scab_Bing_0077.jpg,wheat head scab,inflorescence;seed_grain,0.90,Bleached/spotted wheat heads and shriveled/discolored kernels visible on the spikelet
plantwild_v2/wheat head scab/wheat_head_scab_Bing_0071.jpg,wheat head scab,inflorescence,0.90,"Bleached, discolored wheat heads/spikes with affected spikelets visible"
plantwild_v2/wheat head scab/wheat_head_scab_Bing_0072.jpg,wheat head scab,inflorescence;seed_grain,0.90,"Bleached, shriveled wheat heads and affected kernels visible on spike/ears"
plantwild_v2/wheat head scab/wheat_head_scab_Bing_0080.jpg,wheat head scab,inflorescence;seed_grain,0.90,White fungal growth on wheat heads and affected grains/kernels visible
plantwild_v2/wheat head scab/wheat_head_scab_Bing_0034.jpg,wheat head scab,inflorescence;seed_grain,0.90,Bleached spikelets on wheat heads and visibly damaged/necrotic kernels
plantwild_v2/wheat head scab/wheat_head_scab_Bing_0079.jpg,wheat head scab,inflorescence,0.90,Bleached/necrotic spikelets on the wheat head (ear) are clearly visible.
plantwild_v2/wheat head scab/wheat_head_scab_Bing_0081.jpg,wheat head scab,inflorescence;seed_grain,0.93,Discolored/blighted spikelets on the wheat head and shriveled kernels visible
plantwild_v2/wheat head scab/wheat_head_scab_Bing_0083.jpg,wheat head scab,inflorescence;seed_grain,0.90,Bleached wheat heads and visibly shriveled/discolored kernels in spikes
plantwild_v2/wheat head scab/wheat_head_scab_Bing_0084.jpg,wheat head scab,inflorescence,0.92,Bleached/discolored wheat heads and spikelets clearly show scab on the inflorescence.
plantwild_v2/wheat head scab/wheat_head_scab_Bing_0058.jpg,wheat head scab,inflorescence;seed_grain,0.86,"Discolored, bleached spikelets and shriveled/mottled kernels on wheat heads"
plantwild_v2/wheat head scab/wheat_head_scab_Bing_0086.jpg,wheat head scab,inflorescence;seed_grain,0.88,Discolored/necrotic spikelets and affected kernels visible on wheat head
plantwild_v2/wheat head scab/wheat_head_scab_Bing_0078.jpg,wheat head scab,inflorescence;seed_grain,0.90,"Bleached, discolored wheat heads and shriveled/affected kernels visible"
plantwild_v2/wheat head scab/wheat_head_scab_Bing_0088.jpg,wheat head scab,inflorescence,0.89,Bleached/necrotic wheat heads and spikelets show scab symptoms on the ears
plantwild_v2/wheat head scab/wheat_head_scab_Bing_0090.jpg,wheat head scab,inflorescence;seed_grain,0.90,"Bleached, discolored spikelets and shriveled/affected wheat kernels visible on heads"
plantwild_v2/wheat head scab/wheat_head_scab_Bing_0091.jpg,wheat head scab,inflorescence,0.90,"Bleached, discolored wheat heads/spikelets clearly showing symptoms"
plantwild_v2/wheat head scab/wheat_head_scab_Bing_0087.jpg,wheat head scab,inflorescence,0.91,Bleached/necrotic spikelets and fungal growth visible on wheat heads (spike/ear)
plantwild_v2/wheat head scab/wheat_head_scab_Bing_0095.jpg,wheat head scab,inflorescence,0.90,Discolored/bleached spikelets visible on the wheat ear (spike/inflorescence)
plantwild_v2/wheat head scab/wheat_head_scab_Bing_0096.jpg,wheat head scab,inflorescence,0.93,discolored/bleached lesions visible on wheat heads/spikes (inflorescences)
plantwild_v2/wheat head scab/wheat_head_scab_Bing_0111.jpg,wheat head scab,inflorescence;seed_grain,0.92,Bleached/necrotic wheat heads and damaged/shriveled grains clearly visible
plantwild_v2/wheat head scab/wheat_head_scab_Bing_0098.jpg,wheat head scab,inflorescence,0.90,Bleached/pinked spikelets visible on wheat heads (ears/spikes)
plantwild_v2/wheat head scab/wheat_head_scab_Bing_0100.jpg,wheat head scab,inflorescence,0.90,Bleached/necrotic spikelets and discolored wheat head visible
plantwild_v2/wheat head scab/wheat_head_scab_Bing_0106.jpg,wheat head scab,inflorescence;seed_grain,0.90,"Bleached, damaged wheat heads and shriveled/discolored kernels visible"
plantwild_v2/wheat head scab/wheat_head_scab_Bing_0125.jpg,wheat head scab,inflorescence,0.93,Bleached/necrotic spikelets visible on wheat heads (ears/spikes)
plantwild_v2/wheat head scab/wheat_head_scab_Bing_0112.jpg,wheat head scab,inflorescence;seed_grain,0.90,Bleached/necrotic spikelets and shriveled kernels visible on wheat heads
plantwild_v2/wheat head scab/wheat_head_scab_Bing_0114.jpg,wheat head scab,inflorescence;seed_grain,0.80,Bleached/necrotic spikelets and shriveled discolored grains on the wheat head
plantwild_v2/wheat head scab/wheat_head_scab_Bing_0124.jpg,wheat head scab,leaf,0.86,Yellowish necrotic lesions clearly visible on leaf blades held in hand
plantwild_v2/wheat head scab/wheat_head_scab_Bing_0130.jpg,wheat head scab,inflorescence,0.90,discolored/bleached spikelets visible on wheat heads (ears/spikes)
plantwild_v2/wheat head scab/wheat_head_scab_Bing_0126.jpg,wheat head scab,inflorescence,0.90,"Discolored, bleached wheat spikes/ears with symptomatic spikelets visible"
plantwild_v2/wheat head scab/wheat_head_scab_Bing_0129.jpg,wheat head scab,inflorescence;seed_grain,0.92,Bleached/spotted wheat heads and shriveled/discolored kernels visible on spikes
plantwild_v2/wheat head scab/wheat_head_scab_Bing_0134.jpg,wheat head scab,inflorescence;seed_grain,0.92,Bleached spikelets on the wheat head and affected kernels visible
plantwild_v2/wheat head scab/wheat_head_scab_Bing_0138.jpg,wheat head scab,inflorescence;seed_grain,0.90,Bleached spikelets and affected kernels visible on wheat heads
plantwild_v2/wheat head scab/wheat_head_scab_Bing_0140.jpg,wheat head scab,inflorescence,0.92,Bleached/necrotic wheat ears (spike/heads) clearly showing symptoms
plantwild_v2/wheat head scab/wheat_head_scab_Bing_0135.jpg,wheat head scab,inflorescence;seed_grain,0.90,Discolored/blighted wheat head spikelets and affected kernels visible on the ear
plantwild_v2/wheat head scab/wheat_head_scab_Bing_0137.jpg,wheat head scab,inflorescence,0.90,"Bleached, discolored wheat heads/ears showing scab symptoms"
plantwild_v2/wheat head scab/wheat_head_scab_Bing_0141.jpg,wheat head scab,inflorescence,0.86,"Discolored, damaged spikelets on the wheat head (ear) are clearly visible."
plantwild_v2/wheat head scab/wheat_head_scab_Bing_0142.jpg,wheat head scab,inflorescence,0.86,discolored spikelets/ears showing disease on the wheat head
plantwild_v2/wheat head scab/wheat_head_scab_Bing_0163.jpg,wheat head scab,inflorescence,0.90,Discolored/bleached lesions visible on wheat spikes/heads (inflorescences)
plantwild_v2/wheat head scab/wheat_head_scab_Bing_0165.jpg,wheat head scab,inflorescence,0.92,"Discolored, necrotic spikelets on the wheat head (ear) are clearly symptomatic."
plantwild_v2/wheat head scab/wheat_head_scab_Bing_0172.jpg,wheat head scab,inflorescence;seed_grain,0.90,Bleached/spotted wheat heads and affected grains visible on the spikes
plantwild_v2/wheat head scab/wheat_head_scab_Bing_0175.jpg,wheat head scab,inflorescence,0.88,Bleached/necrotic spikelets and fungal growth on wheat heads (ears) visible
plantwild_v2/wheat head scab/wheat_head_scab_Bing_0174.jpg,wheat head scab,inflorescence,0.92,Bleached/necrotic spikelets on the wheat head (ears) are clearly visible
plantwild_v2/wheat head scab/wheat_head_scab_Bing_0179.jpg,wheat head scab,inflorescence,0.90,Whitened wheat heads/ears clearly symptomatic (white head/head scab)
plantwild_v2/wheat head scab/wheat_head_scab_Bing_0176.jpg,wheat head scab,inflorescence,0.92,"Discolored, bleached spikelets and lesions visible on the wheat head/spike"
plantwild_v2/wheat head scab/wheat_head_scab_Bing_0181.jpg,wheat head scab,inflorescence,0.91,Bleached/necrotic spikelets on the wheat head (ears) clearly visible
plantwild_v2/wheat head scab/wheat_head_scab_Bing_0178.jpg,wheat head scab,root;inflorescence,0.75,bleached/discolored wheat heads and dark diseased root tissue visible
plantwild_v2/wheat head scab/wheat_head_scab_Bing_0182.jpg,wheat head scab,inflorescence,0.90,Discolored/spotted wheat spikelets (head/ear) show visible scab symptoms
plantwild_v2/wheat head scab/wheat_head_scab_Bing_0186.jpg,wheat head scab,inflorescence;seed_grain,0.86,Bleached/discolored wheat heads and shriveled/affected grains visible on spikes
plantwild_v2/wheat head scab/wheat_head_scab_Bing_0184.jpg,wheat head scab,inflorescence,0.92,Bleached/damaged wheat spikelets visible on the ear/flower cluster (inflorescence).
plantwild_v2/wheat head scab/wheat_head_scab_Bing_0196.jpg,wheat head scab,inflorescence,0.92,Bleached/necrotic spikelets visible on the wheat ear (spike)
plantwild_v2/wheat head scab/wheat_head_scab_Bing_0145.jpg,wheat head scab,inflorescence,0.90,Bleached/necrotic wheat head spikelets clearly visible on the ear
plantwild_v2/wheat head scab/wheat_head_scab_Bing_0192.jpg,wheat head scab,inflorescence;seed_grain,0.86,Bleached wheat heads and affected kernels visible on the spikes
plantwild_v2/wheat head scab/wheat_head_scab_Bing_0190.jpg,wheat head scab,stem;inflorescence,0.89,Dark brown lesions on stem base and ear blight symptoms visible on the head
plantwild_v2/wheat head scab/wheat_head_scab_Bing_0198.jpg,wheat head scab,inflorescence,0.92,Bleached/necrotic spikelets visible on the wheat ear (inflorescence)
plantwild_v2/wheat head scab/wheat_head_scab_Bing_0194.jpg,wheat head scab,inflorescence;seed_grain,0.86,Discolored/bleached wheat heads and affected kernels visible on spikes
plantwild_v2/wheat head scab/wheat_head_scab_Bing_0201.jpg,wheat head scab,inflorescence,0.92,Bleached/necrotic symptoms clearly on wheat spike/ear (head)
plantwild_v2/wheat head scab/wheat_head_scab_Bing_0209.jpg,wheat head scab,inflorescence;seed_grain,0.92,"Bleached, shriveled wheat heads and affected kernels visible on the spikes"
plantwild_v2/wheat head scab/wheat_head_scab_Bing_0214.jpg,wheat head scab,inflorescence,0.90,Discolored spikelets/ears showing scab symptoms on the wheat head
plantwild_v2/wheat head scab/wheat_head_scab_Bing_0204.jpg,wheat head scab,inflorescence;seed_grain,0.93,"Bleached, fungal lesions on wheat head spikelets and exposed shriveled grains"
plantwild_v2/wheat head scab/wheat_head_scab_Bing_0219.jpg,wheat head scab,inflorescence,0.91,Bleached/necrotic spikelets visible on the wheat head (spike/ear).
plantwild_v2/wheat head scab/wheat_head_scab_Bing_0218.jpg,wheat head scab,inflorescence,0.92,"Bleached, discolored wheat heads/spikes showing scab symptoms on the inflorescence"
plantwild_v2/wheat head scab/wheat_head_scab_Bing_0216.jpg,wheat head scab,inflorescence;seed_grain,0.92,"Bleached, shriveled spikelets and discolored kernels on the wheat head"
plantwild_v2/wheat head scab/wheat_head_scab_Bing_0217.jpg,wheat head scab,inflorescence,0.92,Bleached/necrotic symptoms visible on wheat heads/ears (spike inflorescences)
plantwild_v2/wheat head scab/wheat_head_scab_Bing_0228.jpg,wheat head scab,inflorescence,0.91,"Bleached, discolored wheat spikelets visible on the head/ear (inflorescence)."
plantwild_v2/wheat head scab/wheat_head_scab_Bing_0234.jpg,wheat head scab,inflorescence;seed_grain,0.93,Bleached/necrotic wheat heads and shriveled/discolored kernels visible on spikes
plantwild_v2/wheat head scab/wheat_head_scab_Bing_0244.jpg,wheat head scab,inflorescence;seed_grain,0.86,bleached wheat heads and pale kernels visible in the spike
plantwild_v2/wheat head scab/wheat_head_scab_Bing_0242.jpg,wheat head scab,inflorescence;seed_grain,0.86,Bleached/necrotic wheat spikes and discolored kernels visible on the heads
plantwild_v2/wheat head scab/wheat_head_scab_Bing_0257.jpg,wheat head scab,inflorescence,0.90,"Bleached, discolored wheat ears/spikelets clearly showing head symptoms"
plantwild_v2/wheat head scab/wheat_head_scab_Bing_0245.jpg,wheat head scab,inflorescence,0.92,Bleached/white wheat head and spikelets clearly show symptoms on the head
plantwild_v2/wheat head scab/wheat_head_scab_Bing_0248.jpg,wheat head scab,inflorescence,0.90,Bleached/discolored wheat heads (ears) showing scab symptoms on the spikes
plantwild_v2/wheat head scab/wheat_head_scab_Bing_0269.jpg,wheat head scab,inflorescence,0.90,"Bleached, symptomatic wheat heads/spikes visible (infected flower/ear structures)."
plantwild_v2/wheat head scab/wheat_head_scab_Bing_0246.jpg,wheat head scab,inflorescence;seed_grain,0.90,Bleached wheat heads and affected kernels visible on ears (heads)
plantwild_v2/wheat head scab/wheat_head_scab_Bing_0258.jpg,wheat head scab,inflorescence;seed_grain,0.90,Bleached/discolored wheat heads and visible affected kernels.
plantwild_v2/wheat head scab/wheat_head_scab_Bing_0271.jpg,wheat head scab,inflorescence,0.86,Entire wheat head bleached and symptomatic (spike/ear affected)
plantwild_v2/wheat head scab/wheat_head_scab_Bing_0272.jpg,wheat head scab,inflorescence,0.92,Discolored/bleached wheat heads and spikelets visible on the ears (spike inflorescences)
plantwild_v2/wheat head scab/wheat_head_scab_Bing_0279.jpg,wheat head scab,inflorescence;seed_grain,0.90,Bleached/wilted wheat heads and shriveled/discolored kernels visible
plantwild_v2/wheat head scab/wheat_head_scab_Bing_0276.jpg,wheat head scab,inflorescence,0.95,Bleached/necrotic wheat heads and spikelets visible on the ear/spike
plantwild_v2/wheat head scab/wheat_head_scab_Bing_0284.jpg,wheat head scab,inflorescence;seed_grain,0.89,Discolored/bleached spikelets and affected kernels visible on the wheat head.
plantwild_v2/wheat head scab/wheat_head_scab_Bing_0287.jpg,wheat head scab,inflorescence;seed_grain,0.86,"Bleached, shriveled wheat head and affected kernels visible on spike"
plantwild_v2/wheat head scab/wheat_head_scab_Bing_0298.jpg,wheat head scab,inflorescence,0.90,Bleached/necrotic spikelets on wheat heads (ears) clearly visible
plantwild_v2/wheat head scab/wheat_head_scab_Bing_0288.jpg,wheat head scab,inflorescence,0.92,Symptoms visible on wheat heads/ears (spikelets) rather than leaves or stems.
plantwild_v2/wheat head scab/wheat_head_scab_Bing_0286.jpg,wheat head scab,inflorescence;seed_grain,0.90,Discolored spikelets and affected grains visible in the wheat head
plantwild_v2/wheat head scab/wheat_head_scab_Bing_0300.jpg,wheat head scab,inflorescence;seed_grain,0.89,Bleached/brown spikelets and discolored kernels visible in the wheat head
plantwild_v2/wheat head scab/wheat_head_scab_Bing_0301.jpg,wheat head scab,inflorescence;seed_grain,0.90,"Bleached, shriveled wheat heads and affected kernels visible on the ears"
plantwild_v2/wheat head scab/wheat_head_scab_Bing_0302.jpg,wheat head scab,inflorescence,0.90,Bleached/wilted wheat spikes (ears) showing visible symptoms on the heads
plantwild_v2/wheat head scab/wheat_head_scab_Bing_0307.jpg,wheat head scab,inflorescence,0.92,Bleached/discolored wheat heads and spikelets visible on the ears (inflorescences).
plantwild_v2/wheat head scab/wheat_head_scab_Bing_0308.jpg,wheat head scab,inflorescence;seed_grain,0.87,Bleached wheat heads and shriveled/affected kernels visible on spikes
plantwild_v2/wheat head scab/wheat_head_scab_Bing_0315.jpg,wheat head scab,inflorescence;seed_grain,0.90,Bleached/brown spike heads and affected shriveled wheat kernels visible on spikes
plantwild_v2/wheat head scab/wheat_head_scab_Bing_0303.jpg,wheat head scab,inflorescence,0.90,Bleached/necrotic wheat spikelets and head clearly visible on the ear
plantwild_v2/wheat head scab/wheat_head_scab_Bing_0316.jpg,wheat head scab,inflorescence,0.90,Bleached/necrotic wheat spikes and spikelets clearly visible on the heads
plantwild_v2/wheat head scab/wheat_head_scab_Bing_0319.jpg,wheat head scab,inflorescence,0.92,Bleached discolored wheat heads/spikelets clearly showing disease symptoms
plantwild_v2/wheat head scab/wheat_head_scab_Google_0020.jpg,wheat head scab,inflorescence;seed_grain,0.90,Discolored/bleached wheat heads and affected kernels visible on the ears
plantwild_v2/wheat head scab/wheat_head_scab_Bing_0329.jpg,wheat head scab,inflorescence,0.86,bleached/discolored wheat heads (ears/spikes) showing disease symptoms
plantwild_v2/wheat head scab/wheat_head_scab_Google_0024.jpg,wheat head scab,inflorescence,0.92,Bleached/necrotic wheat spikes and ears show visible scab symptoms
plantwild_v2/wheat head scab/wheat_head_scab_Google_0033.jpg,wheat head scab,inflorescence;seed_grain,0.86,Discolored/bleached spikelets and affected kernels visible on the wheat head
plantwild_v2/wheat head scab/wheat_head_scab_Google_0044.jpg,wheat head scab,inflorescence,0.90,Bleached/necrotic wheat heads and spikelets clearly visible on the ears
plantwild_v2/wheat head scab/wheat_head_scab_Google_0049.jpg,wheat head scab,inflorescence;seed_grain,0.92,"Bleached, pink-orange lesions on wheat heads and visible kernels/grains"
plantwild_v2/wheat head scab/wheat_head_scab_Google_0061.jpg,wheat head scab,inflorescence,0.86,Bleached/spotted spikelets visible on the wheat head (spike/ear).
plantwild_v2/wheat head scab/wheat_head_scab_Google_0042.jpg,wheat head scab,inflorescence,0.90,Bleached/necrotic wheat heads and spikes clearly show scab symptoms
plantwild_v2/wheat head scab/wheat_head_scab_Google_0068.jpg,wheat head scab,inflorescence;seed_grain,0.92,Discolored spikelets and affected kernels visible on the wheat head
plantwild_v2/wheat head scab/wheat_head_scab_Google_0087.jpg,wheat head scab,inflorescence;seed_grain,0.90,Bleached/necrotic wheat heads and affected kernels visible on the spikes
plantwild_v2/wheat head scab/wheat_head_scab_Google_0082.jpg,wheat head scab,inflorescence,0.90,Discolored spikelets on the wheat head (spike) show visible scab symptoms
plantwild_v2/wheat head scab/wheat_head_scab_Google_0090.jpg,wheat head scab,inflorescence,0.90,"Bleached, discolored wheat heads/ears showing scab symptoms on the spikelets"
plantwild_v2/wheat head scab/wheat_head_scab_Google_0085.jpg,wheat head scab,inflorescence;seed_grain,0.90,Bleached/discolored spikelets and exposed kernels on the wheat head
plantwild_v2/wheat head scab/wheat_head_scab_Google_0098.jpg,wheat head scab,inflorescence;seed_grain,0.90,Discolored spikelets and infected/blemished kernels visible on wheat heads
plantwild_v2/wheat head scab/wheat_head_scab_Bing_0311.jpg,wheat head scab,inflorescence,0.90,Bleached/necrotic wheat heads and spikelets visible on the ears
plantwild_v2/wheat head scab/wheat_head_scab_Google_0092.jpg,wheat head scab,inflorescence;seed_grain,0.90,"Discolored, bleached wheat heads and affected kernels visible in spikelets"
plantwild_v2/wheat head scab/wheat_head_scab_Google_0097.jpg,wheat head scab,inflorescence;seed_grain,0.91,Discolored/bleached wheat heads and affected kernels visible on the spike
plantwild_v2/wheat head scab/wheat_head_scab_Google_0114.jpg,wheat head scab,inflorescence,0.91,bleached/discolored spikelets on the wheat ear (spike) clearly visible
plantwild_v2/wheat head scab/wheat_head_scab_Google_0129.jpg,wheat head scab,inflorescence;seed_grain,0.90,Bleached/discolored spikelets and kernels visible on the wheat head
plantwild_v2/wheat head scab/wheat_head_scab_Google_0135.jpg,wheat head scab,inflorescence,0.92,Bleached/discolored wheat heads and spikes show scab symptoms on inflorescences
plantwild_v2/wheat head scab/wheat_head_scab_Google_0106.jpg,wheat head scab,inflorescence,0.92,Visible diseased wheat heads/ears with orange spore masses on spikelets
plantwild_v2/wheat head scab/wheat_head_scab_Google_0180.jpg,wheat head scab,inflorescence,0.92,Bleached/discolored wheat heads/ears showing scab symptoms on the inflorescences
plantwild_v2/wheat head scab/wheat_head_scab_Google_0126.jpg,wheat head scab,inflorescence;seed_grain,0.84,Bleached spike/ear and affected shriveled grains visible on the wheat head
plantwild_v2/wheat head scab/wheat_head_scab_Google_0131.jpg,wheat head scab,inflorescence;seed_grain,0.90,"Bleached, necrotic spike/ear and discolored grains clearly visible on the wheat head"
plantwild_v2/wheat head scab/wheat_head_scab_Google_0168.jpg,wheat head scab,inflorescence,0.86,Bleached/discolored wheat spikelets visible on the head (ear/spike)
plantwild_v2/wheat head scab/wheat_head_scab_Google_0128.jpg,wheat head scab,inflorescence;seed_grain,0.95,Bleached/spotted wheat spikes and affected kernels visible on the heads
plantwild_v2/wheat head scab/wheat_head_scab_Google_0181.jpg,wheat head scab,inflorescence,0.90,Bleached/necrotic spikelets visible on wheat heads (ears) indicating scab symptoms.
plantwild_v2/wheat head scab/wheat_head_scab_Google_0182.jpg,wheat head scab,inflorescence,0.92,Bleached/lesioned wheat heads and spikelets visible on the spikes
plantwild_v2/wheat head scab/wheat_head_scab_Google_0189.jpg,wheat head scab,inflorescence;seed_grain,0.88,Bleached/necrotic wheat heads and shriveled/abnormal kernels visible
plantwild_v2/wheat head scab/wheat_head_scab_Google_0190.jpg,wheat head scab,inflorescence;seed_grain,0.92,Visible infected spikelets/ear and discolored/affected grains/kernels on the head
plantwild_v2/wheat head scab/wheat_head_scab_Google_0202.jpg,wheat head scab,inflorescence,0.86,Bleached/spotted wheat spikelets and kernels visible on the head/ear
plantwild_v2/wheat head scab/wheat_head_scab_Google_0205.jpg,wheat head scab,inflorescence;seed_grain,0.90,Orange/pink spore masses on wheat head spikelets and exposed kernels
plantwild_v2/wheat head scab/wheat_head_scab_Google_0236.jpg,wheat head scab,inflorescence;seed_grain,0.92,Bleached/spotted spikelets and shriveled/discolored kernels visible on the wheat head
plantwild_v2/wheat head scab/wheat_head_scab_Google_0258.jpg,wheat head scab,inflorescence;seed_grain,0.90,Bleached spikelets on heads and shriveled/affected grains visible within the spikes
plantwild_v2/wheat head scab/wheat_head_scab_Google_0253.jpg,wheat head scab,inflorescence;seed_grain,0.90,Discolored spikelets and affected grains visible within the wheat head
plantwild_v2/wheat head scab/wheat_head_scab_Google_0264.jpg,wheat head scab,inflorescence,0.85,Bleached/discolored wheat head spikelets visible on the ear/inflorescence
plantwild_v2/wheat head scab/wheat_head_scab_Google_0266.jpg,wheat head scab,inflorescence,0.90,"Bleached, discolored wheat heads/spikelets clearly showing symptoms on ears"
plantwild_v2/wheat head scab/wheat_head_scab_Google_0278.jpg,wheat head scab,inflorescence;seed_grain,0.92,Bleached/necrotic wheat heads and shriveled/discolored kernels visible
plantwild_v2/wheat head scab/wheat_head_scab_Google_0295.jpg,wheat head scab,inflorescence,0.90,Bleached/necrotic symptoms visible on wheat spikelets/ear (inflorescence)
plantwild_v2/wheat head scab/wheat_head_scab_Google_0274.jpg,wheat head scab,inflorescence,0.90,"Discolored, shriveled wheat spikelets on the head (ear) showing scab symptoms."
plantwild_v2/wheat head scab/wheat_head_scab_Google_0340.jpg,wheat head scab,inflorescence,0.89,Discolored/bleached spikelets and kernels visible on the wheat ear (spike).
plantwild_v2/wheat head scab/wheat_head_scab_Google_0331.jpg,wheat head scab,inflorescence;seed_grain,0.90,"Bleached, shriveled wheat heads and affected kernels visible on spikes"
plantwild_v2/wheat head scab/wheat_head_scab_Google_0309.jpg,wheat head scab,inflorescence;seed_grain,0.85,Discolored/bleached spikelets and exposed kernels in the wheat head show symptoms.
plantwild_v2/wheat head scab/wheat_head_scab_Google_0327.jpg,wheat head scab,inflorescence;seed_grain,0.90,Discolored/pinkish scab visible on wheat heads (spikelets) and kernels
plantwild_v2/wheat head scab/wheat_head_scab_Google_0371.jpg,wheat head scab,inflorescence;seed_grain,0.80,bleached/spotted spikelets and discolored/shriveled grains visible in the head
plantwild_v2/wheat loose smut/wheat_loose_smut_Baidu_0000.jpg,wheat loose smut,inflorescence,0.90,Spike/head replaced by brown fungal mass consistent with loose smut symptoms
plantwild_v2/wheat head scab/wheat_head_scab_Google_0394.jpg,wheat head scab,inflorescence,0.93,Bleached/necrotic wheat head and spikelets clearly visible on the ear (inflorescence)
plantwild_v2/wheat head scab/wheat_head_scab_Google_0357.jpg,wheat head scab,inflorescence,0.86,Discolored/bleached wheat spikelets visible on the ear/spike (wheat head).
plantwild_v2/wheat loose smut/wheat_loose_smut_Baidu_0001.jpg,wheat loose smut,inflorescence,0.92,"Smutted, spore-filled wheat spikes and spikelets clearly visible on the ears"
plantwild_v2/wheat loose smut/wheat_loose_smut_Baidu_0002.jpg,wheat loose smut,inflorescence,0.95,"Smutted, discolored spikes/ears with fungal masses replacing grain on wheat heads"
plantwild_v2/wheat loose smut/wheat_loose_smut_Baidu_0004.jpg,wheat loose smut,inflorescence,0.90,"Smutty, discolored spikelets visible on the wheat ear (spike/inflorescence)"
plantwild_v2/wheat loose smut/wheat_loose_smut_Baidu_0003.jpg,wheat loose smut,inflorescence,0.90,Black fungal sori visible replacing grains on the wheat spike/ear (inflorescence)
plantwild_v2/wheat loose smut/wheat_loose_smut_Baidu_0007.jpg,wheat loose smut,inflorescence,0.90,Dark smutted spike/ear tissues visible replacing grains on wheat heads
plantwild_v2/wheat loose smut/wheat_loose_smut_Baidu_0011.jpg,wheat loose smut,inflorescence,0.90,"Discolored, smutted spike/ear tissues visible replacing normal flower/seed structures"
plantwild_v2/wheat loose smut/wheat_loose_smut_Baidu_0009.jpg,wheat loose smut,inflorescence,0.90,Black spore masses replacing grain on wheat spikes/ears clearly visible
plantwild_v2/wheat loose smut/wheat_loose_smut_Baidu_0010.jpg,wheat loose smut,inflorescence,0.90,"dark, smutted wheat spikes/ears clearly affected"
plantwild_v2/wheat loose smut/wheat_loose_smut_Baidu_0012.jpg,wheat loose smut,inflorescence,0.90,"Spike/ear is replaced by smutted, blackened floral head structures"
plantwild_v2/wheat loose smut/wheat_loose_smut_Baidu_0013.jpg,wheat loose smut,inflorescence,0.90,"Dark smutted spikelets visible on wheat spikes (ears), not leaves or stems."
plantwild_v2/wheat loose smut/wheat_loose_smut_Baidu_0014.jpg,wheat loose smut,inflorescence,0.93,Dark smutty masses replacing spikelets on wheat spikes (ears/inflorescence)
plantwild_v2/wheat loose smut/wheat_loose_smut_Baidu_0005.jpg,wheat loose smut,inflorescence,0.88,Smutted wheat spikes/ears showing fungal sori in the flower/inflorescence region
plantwild_v2/wheat loose smut/wheat_loose_smut_Baidu_0015.jpg,wheat loose smut,inflorescence,0.90,Dark smutted spike/ear symptoms visible on the wheat flower heads
plantwild_v2/wheat loose smut/wheat_loose_smut_Baidu_0016.jpg,wheat loose smut,inflorescence,0.92,Dark smut masses replacing/covering wheat spikes/ears (inflorescences)
plantwild_v2/wheat loose smut/wheat_loose_smut_Baidu_0021.jpg,wheat loose smut,inflorescence,0.92,"Blackened, smutted wheat heads/spikes showing fungal masses replacing kernels"
plantwild_v2/wheat loose smut/wheat_loose_smut_Baidu_0018.jpg,wheat loose smut,inflorescence,0.86,"Smutted, discolored and deformed wheat spikes/heads visible (infected flower/ear)."
plantwild_v2/wheat loose smut/wheat_loose_smut_Baidu_0034.jpg,wheat loose smut,inflorescence,0.90,Smutted wheat heads/spikes show fungal sori replacing spikelets/grains
plantwild_v2/wheat loose smut/wheat_loose_smut_Baidu_0024.jpg,wheat loose smut,inflorescence;seed_grain,0.90,Smutted wheat heads and replaced grains visible in the spikes
plantwild_v2/wheat loose smut/wheat_loose_smut_Baidu_0023.jpg,wheat loose smut,inflorescence,0.92,"Smutted, darkened spike/ear structures visible on wheat flower clusters (spikes)."
plantwild_v2/wheat loose smut/wheat_loose_smut_Baidu_0042.jpg,wheat loose smut,inflorescence,0.90,Dark spore masses replacing grains on the wheat head/ears (spikelets).
plantwild_v2/wheat loose smut/wheat_loose_smut_Baidu_0036.jpg,wheat loose smut,inflorescence,0.86,Smutted spikes and spikelets visible on wheat flower/ear structures
plantwild_v2/wheat loose smut/wheat_loose_smut_Bing_0009.jpg,wheat loose smut,inflorescence,0.92,Smutted/blackened wheat head (spike/ear) clearly visible
plantwild_v2/wheat loose smut/wheat_loose_smut_Bing_0004.jpg,wheat loose smut,inflorescence,0.90,Spikes/ears are replaced by dark smutty masses visible on the heads
plantwild_v2/wheat loose smut/wheat_loose_smut_Baidu_0052.jpg,wheat loose smut,inflorescence,0.92,Dark smutted wheat heads (spikes) clearly visible replacing normal ears
plantwild_v2/wheat loose smut/wheat_loose_smut_Bing_0001.jpg,wheat loose smut,inflorescence,0.90,Darkened smutted spike/ear clearly visible on the flower/seed head
plantwild_v2/wheat loose smut/wheat_loose_smut_Bing_0006.jpg,wheat loose smut,inflorescence,0.88,smutted spike/ear structures with malformed/blackened grains visible
plantwild_v2/wheat loose smut/wheat_loose_smut_Bing_0011.jpg,wheat loose smut,inflorescence,0.86,Spikes/ears replaced by brown/black smutty masses on wheat heads
plantwild_v2/wheat loose smut/wheat_loose_smut_Bing_0008.jpg,wheat loose smut,inflorescence,0.90,Blackened smutted wheat spike/ear visible with infected spikelets
plantwild_v2/wheat loose smut/wheat_loose_smut_Bing_0000.jpg,wheat loose smut,inflorescence,0.93,Smutted wheat spike/head shows fungal spores replacing grain in the inflorescence
plantwild_v2/wheat loose smut/wheat_loose_smut_Bing_0015.jpg,wheat loose smut,inflorescence,0.92,Blackened smutted spikes/ears clearly affecting the flower/inflorescence structures
plantwild_v2/wheat loose smut/wheat_loose_smut_Bing_0013.jpg,wheat loose smut,inflorescence;seed_grain,0.90,Dark smut replacing spikelets and grains on the wheat spike/ear
plantwild_v2/wheat loose smut/wheat_loose_smut_Bing_0021.jpg,wheat loose smut,inflorescence,0.88,"Dark smutted wheat spike/ear visible, grains replaced by spore mass"
plantwild_v2/wheat loose smut/wheat_loose_smut_Bing_0017.jpg,wheat loose smut,inflorescence;seed_grain,0.88,Smutted wheat spike (ear) with grains replaced by dark spore masses
plantwild_v2/wheat loose smut/wheat_loose_smut_Bing_0014.jpg,wheat loose smut,inflorescence;seed_grain,0.85,Dark smut sori replacing grains on the wheat spikelets and grains
plantwild_v2/wheat loose smut/wheat_loose_smut_Bing_0019.jpg,wheat loose smut,inflorescence,0.89,Smutted spike/ear shows fungal spore masses replacing florets/grains
plantwild_v2/wheat loose smut/wheat_loose_smut_Bing_0022.jpg,wheat loose smut,inflorescence,0.90,Dark smutted spike/ears clearly visible replacing normal grain/flower structures
plantwild_v2/wheat loose smut/wheat_loose_smut_Bing_0018.jpg,wheat loose smut,inflorescence,0.91,Blackened smutted spike/ear clearly visible on the wheat inflorescence
plantwild_v2/wheat loose smut/wheat_loose_smut_Bing_0027.jpg,wheat loose smut,inflorescence,0.92,Spike/ear shows blackened smutted reproductive head replacing grains
plantwild_v2/wheat loose smut/wheat_loose_smut_Bing_0033.jpg,wheat loose smut,inflorescence,0.95,Dark spore-filled replaced wheat spikes/ears visible (infected flower/ear structures)
plantwild_v2/wheat loose smut/wheat_loose_smut_Bing_0025.jpg,wheat loose smut,inflorescence,0.92,Smutted wheat spikes/ears showing sori replacing grains on the inflorescence.
plantwild_v2/wheat loose smut/wheat_loose_smut_Bing_0032.jpg,wheat loose smut,inflorescence,0.91,Smutted wheat spikes/ears show dark masses replacing grains on the inflorescences
plantwild_v2/wheat loose smut/wheat_loose_smut_Bing_0024.jpg,wheat loose smut,inflorescence,0.90,Spike/ear shows smutted spikelets with spore masses replacing grains
plantwild_v2/wheat loose smut/wheat_loose_smut_Bing_0023.jpg,wheat loose smut,inflorescence,0.90,Smutted spike/ear shows dark fungal sori replacing the grain on the head
plantwild_v2/wheat loose smut/wheat_loose_smut_Bing_0031.jpg,wheat loose smut,inflorescence;seed_grain,0.86,Spikelets filled with dark fungal spores replacing grains on the wheat inflorescence
plantwild_v2/wheat loose smut/wheat_loose_smut_Bing_0034.jpg,wheat loose smut,inflorescence,0.90,"Blackened, tufted spore masses replacing wheat heads/spikes (inflorescences)"
plantwild_v2/wheat loose smut/wheat_loose_smut_Bing_0028.jpg,wheat loose smut,inflorescence,0.90,Smutted wheat heads/spikes show fungal sori replacing grains on the inflorescence
plantwild_v2/wheat loose smut/wheat_loose_smut_Bing_0048.jpg,wheat loose smut,inflorescence,0.90,Dark smutted spikelets replacing grains on the wheat head (spike/ear).
plantwild_v2/wheat loose smut/wheat_loose_smut_Bing_0043.jpg,wheat loose smut,inflorescence,0.93,Dark smut sori replace spikelets on wheat heads (spikes/ears)
plantwild_v2/wheat loose smut/wheat_loose_smut_Bing_0047.jpg,wheat loose smut,inflorescence,0.93,"Smutty, spore-filled wheat spike/ear clearly symptomatic"
plantwild_v2/wheat loose smut/wheat_loose_smut_Bing_0049.jpg,wheat loose smut,inflorescence,0.90,Smutted wheat ears/spikelets with black spore masses visible on the spike
plantwild_v2/wheat loose smut/wheat_loose_smut_Bing_0062.jpg,wheat loose smut,inflorescence,0.90,"Dark, smutted wheat spikes/ears clearly show symptoms on the flower heads"
plantwild_v2/wheat loose smut/wheat_loose_smut_Bing_0054.jpg,wheat loose smut,inflorescence,0.90,Smut sori replacing spikelets on the wheat spike (ear/inflorescence)
plantwild_v2/wheat loose smut/wheat_loose_smut_Bing_0067.jpg,wheat loose smut,inflorescence,0.90,Smut-infected wheat spikes/ears show fungal sori replacing spikelets.
plantwild_v2/wheat loose smut/wheat_loose_smut_Bing_0070.jpg,wheat loose smut,inflorescence,0.92,spike/ear heads show blackened spore masses replacing kernels
plantwild_v2/wheat loose smut/wheat_loose_smut_Bing_0071.jpg,wheat loose smut,inflorescence,0.88,"Smutty, discolored spikelets visible on the flower/ear spikes (inflorescences)."
plantwild_v2/wheat loose smut/wheat_loose_smut_Bing_0072.jpg,wheat loose smut,inflorescence,0.90,Smutted wheat spikes/ears show fungal sori replacing normal florets
plantwild_v2/wheat loose smut/wheat_loose_smut_Bing_0056.jpg,wheat loose smut,inflorescence;seed_grain,0.88,Dark smut sori replacing kernels on spikelets/heads
plantwild_v2/wheat loose smut/wheat_loose_smut_Bing_0073.jpg,wheat loose smut,inflorescence,0.90,"Smutted, darkened wheat spikes/ears clearly visible on the flower head (inflorescence)."
plantwild_v2/wheat loose smut/wheat_loose_smut_Bing_0075.jpg,wheat loose smut,inflorescence,0.90,"Blackened, spore-filled wheat heads/ears visible—infection of the spikes/inflorescences."
plantwild_v2/wheat loose smut/wheat_loose_smut_Bing_0077.jpg,wheat loose smut,inflorescence,0.92,"Spike/ear shows smutted, blackened kernels replacing normal grains"
plantwild_v2/wheat loose smut/wheat_loose_smut_Bing_0092.jpg,wheat loose smut,inflorescence,0.90,Dark smutted spikelets visible on wheat ears/spikes (inflorescences)
plantwild_v2/wheat loose smut/wheat_loose_smut_Bing_0078.jpg,wheat loose smut,inflorescence;seed_grain,0.90,Smut sori replacing grains on the wheat spike/ear (inflorescence and kernels).
plantwild_v2/wheat loose smut/wheat_loose_smut_Bing_0083.jpg,wheat loose smut,inflorescence,0.90,Spikes/ears display smutted florets and disrupted grain structures
plantwild_v2/wheat loose smut/wheat_loose_smut_Bing_0091.jpg,wheat loose smut,inflorescence,0.90,"Blackened, spore-filled wheat spikes/ears clearly show loose smut symptoms."
plantwild_v2/wheat loose smut/wheat_loose_smut_Bing_0090.jpg,wheat loose smut,inflorescence,0.95,smutted/deformed wheat spike/ear visible (infected inflorescence)
plantwild_v2/wheat loose smut/wheat_loose_smut_Bing_0079.jpg,wheat loose smut,inflorescence;seed_grain,0.90,Blackened smut replacing kernels on wheat spike; grains visibly affected
plantwild_v2/wheat loose smut/wheat_loose_smut_Bing_0095.jpg,wheat loose smut,inflorescence,0.90,Smutted wheat spikes/ears show fungal replacement of grains on the inflorescence.
plantwild_v2/wheat loose smut/wheat_loose_smut_Bing_0093.jpg,wheat loose smut,inflorescence,0.90,Smut replaces/affects wheat spikes/ears visible as malformed spikelets
plantwild_v2/wheat loose smut/wheat_loose_smut_Bing_0097.jpg,wheat loose smut,inflorescence,0.90,Dark smut masses replacing spikelets on wheat heads (ears) clearly visible
plantwild_v2/wheat loose smut/wheat_loose_smut_Bing_0103.jpg,wheat loose smut,inflorescence,0.90,"Symptoms visible on wheat spikes/ears (spikelets), not leaves or stems."
plantwild_v2/wheat loose smut/wheat_loose_smut_Bing_0096.jpg,wheat loose smut,inflorescence,0.90,Smutted wheat spike/ear showing fungal sori replacing kernels
plantwild_v2/wheat loose smut/wheat_loose_smut_Bing_0107.jpg,wheat loose smut,inflorescence,0.88,"Dark smutted wheat spikes/ears clearly affected, not leaves or stems"
plantwild_v2/wheat loose smut/wheat_loose_smut_Bing_0105.jpg,wheat loose smut,inflorescence;seed_grain,0.90,Black smut sori visible on the wheat spike and replacing kernels
plantwild_v2/wheat loose smut/wheat_loose_smut_Bing_0109.jpg,wheat loose smut,inflorescence,0.90,Smutted wheat spikes/ears show fungal sori replacing kernels on the inflorescences.
plantwild_v2/wheat loose smut/wheat_loose_smut_Bing_0111.jpg,wheat loose smut,inflorescence,0.92,Dark smutty masses replacing grains visible on wheat spikes/ears
plantwild_v2/wheat loose smut/wheat_loose_smut_Bing_0113.jpg,wheat loose smut,inflorescence,0.92,"Smutty, spore-filled wheat spikelets visible on the ear/spike (inflorescence)."
plantwild_v2/wheat loose smut/wheat_loose_smut_Bing_0112.jpg,wheat loose smut,inflorescence,0.90,"Darkened, deformed spike/spikelets visible on the wheat head (smutted flowers/ears)"
plantwild_v2/wheat loose smut/wheat_loose_smut_Bing_0120.jpg,wheat loose smut,inflorescence,0.90,Smutted wheat heads/spikes show fungal sori replacing grains on the ears
plantwild_v2/wheat loose smut/wheat_loose_smut_Bing_0115.jpg,wheat loose smut,inflorescence,0.90,"Dark, smutted wheat heads/spikes clearly showing infected inflorescences"
plantwild_v2/wheat loose smut/wheat_loose_smut_Bing_0117.jpg,wheat loose smut,inflorescence;seed_grain,0.90,Blackened spore masses replacing grains on the wheat head/ear spikelets
plantwild_v2/wheat loose smut/wheat_loose_smut_Bing_0121.jpg,wheat loose smut,inflorescence,0.93,Blackened smutted wheat spikes visible replacing normal grains on the ear/spike
plantwild_v2/wheat loose smut/wheat_loose_smut_Bing_0123.jpg,wheat loose smut,inflorescence,0.90,Smutted spikelets/ears visible on the flower clusters (spikes/ears).
plantwild_v2/wheat loose smut/wheat_loose_smut_Bing_0126.jpg,wheat loose smut,inflorescence,0.90,"Smutted, deformed wheat spikelets and awns visible on the ear/spike"
plantwild_v2/wheat loose smut/wheat_loose_smut_Bing_0127.jpg,wheat loose smut,inflorescence,0.90,Brown spore masses replacing/covering the wheat spike/ear (inflorescence)
plantwild_v2/wheat loose smut/wheat_loose_smut_Bing_0134.jpg,wheat loose smut,inflorescence,0.91,Blackened smutted spike/ear clearly affecting the wheat inflorescence
plantwild_v2/wheat loose smut/wheat_loose_smut_Bing_0136.jpg,wheat loose smut,inflorescence,0.90,Dark diseased sori and discoloration visible on wheat spikes/ears (inflorescences)
plantwild_v2/wheat loose smut/wheat_loose_smut_Bing_0124.jpg,wheat loose smut,inflorescence,0.87,Spike/head shows characteristic smut symptoms on the wheat inflorescence
plantwild_v2/wheat loose smut/wheat_loose_smut_Bing_0137.jpg,wheat loose smut,inflorescence,0.89,"Smutted, blackened wheat heads/ears clearly affected; stems and leaves appear healthy"
plantwild_v2/wheat loose smut/wheat_loose_smut_Bing_0141.jpg,wheat loose smut,inflorescence,0.92,Smutted spike/ear with dark spore masses visible on the wheat head
plantwild_v2/wheat loose smut/wheat_loose_smut_Bing_0142.jpg,wheat loose smut,inflorescence,0.90,Smut growth visible replacing spikelets in wheat head (ear/inflorescence)
plantwild_v2/wheat loose smut/wheat_loose_smut_Bing_0146.jpg,wheat loose smut,inflorescence,0.88,Dark spore masses visible on wheat spikes/ears (flower clusters).
plantwild_v2/wheat loose smut/wheat_loose_smut_Bing_0155.jpg,wheat loose smut,inflorescence,0.90,Dark sori replacing spike/ear tissue visible on the grain-bearing spike
plantwild_v2/wheat loose smut/wheat_loose_smut_Bing_0149.jpg,wheat loose smut,inflorescence,0.90,Symptoms visible on wheat spikes/ears (spikelets) with smutted grains
plantwild_v2/wheat loose smut/wheat_loose_smut_Bing_0139.jpg,wheat loose smut,inflorescence,0.92,"Blackened, distorted wheat spike/ear shows smut infection on the inflorescence"
plantwild_v2/wheat loose smut/wheat_loose_smut_Bing_0143.jpg,wheat loose smut,inflorescence,0.90,"smutted wheat spike/ear showing blackened, twisted spikelets"
plantwild_v2/wheat loose smut/wheat_loose_smut_Bing_0156.jpg,wheat loose smut,inflorescence,0.90,Blackened smut sori replacing wheat spikes (ears) are visible
plantwild_v2/wheat loose smut/wheat_loose_smut_Bing_0158.jpg,wheat loose smut,inflorescence,0.90,Smutted wheat heads/spikes show visible fungal sori replacing grains
plantwild_v2/wheat loose smut/wheat_loose_smut_Bing_0159.jpg,wheat loose smut,inflorescence,0.92,Dark smutted wheat heads/spikes clearly visible replacing normal kernels
plantwild_v2/wheat loose smut/wheat_loose_smut_Bing_0172.jpg,wheat loose smut,inflorescence,0.84,Smutted wheat spikelets/heads replaced by fungal masses on the flowering head
plantwild_v2/wheat loose smut/wheat_loose_smut_Bing_0171.jpg,wheat loose smut,inflorescence,0.90,Black smut sori replacing kernels on wheat spikes (ears/inflorescences)
plantwild_v2/wheat loose smut/wheat_loose_smut_Bing_0176.jpg,wheat loose smut,inflorescence,0.92,Dark malformed wheat spike/ear shows fungal sori replacing grains
plantwild_v2/wheat loose smut/wheat_loose_smut_Bing_0178.jpg,wheat loose smut,inflorescence,0.86,Black smutty masses replacing grain in wheat heads (spikes) visible
plantwild_v2/wheat loose smut/wheat_loose_smut_Bing_0173.jpg,wheat loose smut,inflorescence,0.90,Smutted/dark masses visible on wheat spikes/ears (flower clusters)
plantwild_v2/wheat loose smut/wheat_loose_smut_Bing_0163.jpg,wheat loose smut,inflorescence;seed_grain,0.86,spikes replaced by spore masses and spores visible on grain/scutellum
plantwild_v2/wheat loose smut/wheat_loose_smut_Bing_0185.jpg,wheat loose smut,inflorescence,0.90,Dark smutted fungal masses replacing spikelets on wheat heads (ears).
plantwild_v2/wheat loose smut/wheat_loose_smut_Bing_0184.jpg,wheat loose smut,inflorescence,0.90,"Dark, smut-covered wheat spikes/ears clearly visible replacing normal grain"
plantwild_v2/wheat loose smut/wheat_loose_smut_Bing_0206.jpg,wheat loose smut,inflorescence,0.90,Smutted wheat spikes/ears show fungal masses replacing grains on the flower head
plantwild_v2/wheat loose smut/wheat_loose_smut_Bing_0200.jpg,wheat loose smut,inflorescence,0.90,Darkened/abnormal wheat spikelets visible on the ear (flower cluster)
plantwild_v2/wheat loose smut/wheat_loose_smut_Bing_0197.jpg,wheat loose smut,inflorescence,0.86,"Smutted wheat spike/head with discolored, spore-filled florets replacing normal grains"
plantwild_v2/wheat loose smut/wheat_loose_smut_Bing_0217.jpg,wheat loose smut,inflorescence,0.90,Spikes/ears show smutted masses replacing normal grain/flowers
plantwild_v2/wheat loose smut/wheat_loose_smut_Bing_0199.jpg,wheat loose smut,inflorescence;seed_grain,0.90,Black powdery smut replaces grains on the wheat spike/ears (inflorescence).
plantwild_v2/wheat loose smut/wheat_loose_smut_Bing_0187.jpg,wheat loose smut,inflorescence;seed_grain,0.90,Black smutted spikelets on wheat heads and replacement of grains visible
plantwild_v2/wheat loose smut/wheat_loose_smut_Bing_0230.jpg,wheat loose smut,inflorescence,0.90,black smutty masses replacing grains on wheat spike/ear
plantwild_v2/wheat loose smut/wheat_loose_smut_Bing_0236.jpg,wheat loose smut,inflorescence,0.90,Blackened smutted spike/ear clearly visible on the wheat inflorescence
plantwild_v2/wheat loose smut/wheat_loose_smut_Bing_0234.jpg,wheat loose smut,inflorescence,0.90,"Dark, smutted wheat heads/spikes clearly affected (ears/inflorescences)"
plantwild_v2/wheat loose smut/wheat_loose_smut_Bing_0263.jpg,wheat loose smut,inflorescence,0.86,Black spore masses clearly replacing grains on the wheat spike/ear (inflorescence)
plantwild_v2/wheat loose smut/wheat_loose_smut_Bing_0264.jpg,wheat loose smut,inflorescence,0.90,Black smut masses replacing grains on the wheat spike/ear (inflorescence)
plantwild_v2/wheat loose smut/wheat_loose_smut_Bing_0265.jpg,wheat loose smut,inflorescence,0.86,Smutted/blackened spikelets visible on the flower/ear (inflorescence) only.
plantwild_v2/wheat loose smut/wheat_loose_smut_Bing_0224.jpg,wheat loose smut,inflorescence,0.93,Dark smut masses replace grains on wheat spikes/ears (inflorescences).
plantwild_v2/wheat loose smut/wheat_loose_smut_Bing_0282.jpg,wheat loose smut,inflorescence,0.91,Blackened smutted spike/ear structures visibly replacing normal grain on the inflorescence
plantwild_v2/wheat loose smut/wheat_loose_smut_Bing_0290.jpg,wheat loose smut,inflorescence,0.87,Dark smutted wheat head/spike clearly visible (infected flower/ear).
plantwild_v2/wheat loose smut/wheat_loose_smut_Bing_0270.jpg,wheat loose smut,inflorescence,0.90,"Smutted, spore-filled wheat heads/spikes clearly visible on the ears (inflorescences)."
plantwild_v2/wheat loose smut/wheat_loose_smut_Bing_0287.jpg,wheat loose smut,inflorescence,0.92,Blackened smutted spikelets visible on the wheat spike/ear (inflorescence).
plantwild_v2/wheat loose smut/wheat_loose_smut_Bing_0283.jpg,wheat loose smut,inflorescence,0.86,"Dark, smutted wheat spikes/ears clearly showing spore masses"
plantwild_v2/wheat loose smut/wheat_loose_smut_Bing_0296.jpg,wheat loose smut,inflorescence,0.93,"Dark, smutted wheat head/spike showing fungal sori replacing grains"
plantwild_v2/wheat loose smut/wheat_loose_smut_Bing_0245.jpg,wheat loose smut,inflorescence,0.90,Blackened/abnormal wheat heads/spikes show smut replacing kernels on the inflorescence.
plantwild_v2/wheat loose smut/wheat_loose_smut_Bing_0305.jpg,wheat loose smut,inflorescence,0.90,Spike/ear heads are replaced by dark smutty sori visible on the heads
plantwild_v2/wheat loose smut/wheat_loose_smut_Bing_0302.jpg,wheat loose smut,inflorescence,0.94,Smutted wheat spikes/ears clearly visible (spikelets replaced by smut masses)
plantwild_v2/wheat loose smut/wheat_loose_smut_Bing_0297.jpg,wheat loose smut,inflorescence;seed_grain,0.90,Smutted wheat head with kernels replaced by dark spore masses visible inside spike.
plantwild_v2/wheat loose smut/wheat_loose_smut_Bing_0299.jpg,wheat loose smut,inflorescence,0.90,Smutted/blackened wheat spikes visible; disease affects the flower/ear structures.
plantwild_v2/wheat loose smut/wheat_loose_smut_Bing_0310.jpg,wheat loose smut,inflorescence;seed_grain,0.90,Blackened/decayed spikelets and affected wheat kernels on the ears
plantwild_v2/wheat loose smut/wheat_loose_smut_Bing_0291.jpg,wheat loose smut,inflorescence,0.92,Black spore masses replacing kernels visible on the wheat spike/ear (inflorescence).
plantwild_v2/wheat loose smut/wheat_loose_smut_Bing_0322.jpg,wheat loose smut,inflorescence,0.95,Black smut sori replacing grains on wheat spikes/ears.
plantwild_v2/wheat loose smut/wheat_loose_smut_Bing_0335.jpg,wheat loose smut,inflorescence,0.93,Smutted wheat spike/head shows fungal sori replacing grains on the inflorescence
plantwild_v2/wheat loose smut/wheat_loose_smut_Bing_0332.jpg,wheat loose smut,inflorescence,0.92,Dark spore masses replacing grains on the wheat spike/ear (inflorescence)
plantwild_v2/wheat loose smut/wheat_loose_smut_Bing_0323.jpg,wheat loose smut,inflorescence,0.92,Dark smutty sori replacing grains on the wheat spike/ear (inflorescence)
plantwild_v2/wheat loose smut/wheat_loose_smut_Bing_0337.jpg,wheat loose smut,inflorescence,0.93,Blackened smutty spike/ear clearly affecting the wheat inflorescence
plantwild_v2/wheat loose smut/wheat_loose_smut_Bing_0351.jpg,wheat loose smut,inflorescence,0.90,"Blackened, smutted wheat spikes/ears clearly showing fungal infection on inflorescences"
plantwild_v2/wheat loose smut/wheat_loose_smut_Bing_0321.jpg,wheat loose smut,inflorescence,0.90,"Darkened, smutted wheat heads/spikes visible (infected flower/ear structures)"
plantwild_v2/wheat loose smut/wheat_loose_smut_Bing_0353.jpg,wheat loose smut,inflorescence;seed_grain,0.85,smutted wheat spike with affected grains visible on the ear
plantwild_v2/wheat loose smut/wheat_loose_smut_Bing_0389.jpg,wheat loose smut,inflorescence,0.90,Blackened smutted wheat spikelets visible on the head/ear (inflorescence).
plantwild_v2/wheat loose smut/wheat_loose_smut_Bing_0392.jpg,wheat loose smut,inflorescence,0.92,Spike/ear tissues are replaced by dark smut sori on the flower head
plantwild_v2/wheat loose smut/wheat_loose_smut_Bing_0364.jpg,wheat loose smut,inflorescence;seed_grain,0.92,Black spore masses replacing grains on the wheat spike (inflorescence).
plantwild_v2/wheat loose smut/wheat_loose_smut_Bing_0355.jpg,wheat loose smut,inflorescence,0.88,"Smutty, spore-filled wheat spikelets visible on the ear/spike (inflorescence)."
plantwild_v2/wheat loose smut/wheat_loose_smut_Bing_0400.jpg,wheat loose smut,inflorescence,0.90,Smutted/sterile spikes and heads show fungal masses replacing kernels
plantwild_v2/wheat loose smut/wheat_loose_smut_Bing_0391.jpg,wheat loose smut,inflorescence;seed_grain,0.90,"Smutted spike/ear with blackened, replaced grains visible on the inflorescence"
plantwild_v2/wheat loose smut/wheat_loose_smut_Bing_0395.jpg,wheat loose smut,inflorescence,0.90,Blackened smutted wheat heads/spikes clearly visible
plantwild_v2/wheat loose smut/wheat_loose_smut_Bing_0405.jpg,wheat loose smut,inflorescence,0.90,smutty masses replacing grains on wheat spikes/ears (inflorescences)
plantwild_v2/wheat loose smut/wheat_loose_smut_Google_0000.jpg,wheat loose smut,inflorescence,0.92,Dark smutted spike/ear with infected spikelets visible on the wheat head
plantwild_v2/wheat loose smut/wheat_loose_smut_Google_0007.jpg,wheat loose smut,inflorescence,0.95,Dark smutted wheat head/spike shows fungal replacement of grain in the ear.
plantwild_v2/wheat loose smut/wheat_loose_smut_Google_0016.jpg,wheat loose smut,inflorescence,0.93,Darkened smutted wheat spike/ear clearly affecting the inflorescence
plantwild_v2/wheat loose smut/wheat_loose_smut_Google_0013.jpg,wheat loose smut,inflorescence,0.91,Black fungal masses replacing spikelets on the wheat ear (spike/inflorescence)
plantwild_v2/wheat loose smut/wheat_loose_smut_Google_0010.jpg,wheat loose smut,inflorescence;seed_grain,0.90,Blackened distorted wheat heads and replaced/affected grains visible on spikes
plantwild_v2/wheat loose smut/wheat_loose_smut_Google_0004.jpg,wheat loose smut,inflorescence,0.90,"Dark, smutted spike/ear tissues visible replacing normal grain in the wheat head"
plantwild_v2/wheat loose smut/wheat_loose_smut_Google_0012.jpg,wheat loose smut,inflorescence,0.90,Dark smut masses replacing and coating wheat ears/spikes (inflorescences) visible
plantwild_v2/wheat loose smut/wheat_loose_smut_Bing_0336.jpg,wheat loose smut,inflorescence;seed_grain,0.92,"Spike/head shows smutted, replaced grains on the inflorescence"
plantwild_v2/wheat loose smut/wheat_loose_smut_Google_0037.jpg,wheat loose smut,inflorescence,0.90,Dark smut-covered wheat spikes (ears) clearly visible on the flower/inflorescence structures
plantwild_v2/wheat loose smut/wheat_loose_smut_Google_0059.jpg,wheat loose smut,inflorescence,0.92,Smutted wheat spikes/ears clearly showing diseased spikelets
plantwild_v2/wheat loose smut/wheat_loose_smut_Google_0040.jpg,wheat loose smut,inflorescence,0.94,Dark smutted spikelets visible on the wheat ear (spike/inflorescence)
plantwild_v2/wheat loose smut/wheat_loose_smut_Google_0043.jpg,wheat loose smut,inflorescence,0.92,Smutted/deformed wheat spike (head) clearly visible
plantwild_v2/wheat loose smut/wheat_loose_smut_Google_0061.jpg,wheat loose smut,inflorescence,0.93,Smut masses replacing/covering wheat ear/spike (infected inflorescence)
plantwild_v2/wheat loose smut/wheat_loose_smut_Google_0062.jpg,wheat loose smut,inflorescence,0.90,"Blackened sori visible on wheat spikes/ears (inflorescences), not on leaves or stems."
plantwild_v2/wheat loose smut/wheat_loose_smut_Google_0038.jpg,wheat loose smut,inflorescence,0.91,Smut sori and distorted spikelets clearly affecting wheat spikes/ears (inflorescences).
plantwild_v2/wheat loose smut/wheat_loose_smut_Google_0079.jpg,wheat loose smut,inflorescence,0.90,Smutted/discolored wheat spike/head visible with fungal sori on spikelets
plantwild_v2/wheat loose smut/wheat_loose_smut_Google_0035.jpg,wheat loose smut,inflorescence,0.86,Brown fungal sori visibly replacing grains on wheat spikes/ears (inflorescences).
plantwild_v2/wheat loose smut/wheat_loose_smut_Google_0068.jpg,wheat loose smut,inflorescence,0.95,"Spike/ear shows smutted, replaced grain with fungal spore masses and hair-like strands"
plantwild_v2/wheat loose smut/wheat_loose_smut_Google_0081.jpg,wheat loose smut,inflorescence,0.90,"Darkened, smutted wheat spike/ear clearly showing infection"
plantwild_v2/wheat loose smut/wheat_loose_smut_Google_0088.jpg,wheat loose smut,inflorescence,0.88,Dark smutty mass replacing spikelets on wheat ear/spike (inflorescence)
plantwild_v2/wheat loose smut/wheat_loose_smut_Google_0104.jpg,wheat loose smut,inflorescence;seed_grain,0.90,Darkened/sporulating kernels and infected wheat spike/ears clearly visible
plantwild_v2/wheat loose smut/wheat_loose_smut_Google_0114.jpg,wheat loose smut,inflorescence,0.91,Dark smutted masses replace grain on wheat heads/spikes (inflorescences).
plantwild_v2/wheat loose smut/wheat_loose_smut_Google_0137.jpg,wheat loose smut,inflorescence,0.90,Dark smut masses visible on wheat heads/ears (spikes) replacing grains
plantwild_v2/wheat loose smut/wheat_loose_smut_Google_0178.jpg,wheat loose smut,inflorescence,0.95,Smutted spikelets/ears visible on the wheat flowering head (spike/ear).
plantwild_v2/wheat loose smut/wheat_loose_smut_Google_0152.jpg,wheat loose smut,inflorescence,0.90,Dark smutted spikelets visible on the wheat head (ears/spikes).
plantwild_v2/wheat loose smut/wheat_loose_smut_Google_0146.jpg,wheat loose smut,inflorescence,0.92,Smutted/deformed wheat spikelets visible on the ear (spike)
plantwild_v2/wheat loose smut/wheat_loose_smut_Google_0216.jpg,wheat loose smut,inflorescence,0.90,Dark spore masses replacing/covering wheat spikelets on the ear/spike
plantwild_v2/wheat loose smut/wheat_loose_smut_Google_0159.jpg,wheat loose smut,inflorescence,0.90,Smutted spike/ear shows replaced grains and sori on the wheat inflorescence
plantwild_v2/wheat loose smut/wheat_loose_smut_Google_0223.jpg,wheat loose smut,inflorescence,0.92,"Blackened, smutted wheat spike/ear clearly affected"
plantwild_v2/wheat loose smut/wheat_loose_smut_Google_0206.jpg,wheat loose smut,inflorescence,0.92,Spikes/ears are replaced by dark fungal masses typical on inflorescences
plantwild_v2/wheat loose smut/wheat_loose_smut_Google_0253.jpg,wheat loose smut,inflorescence,0.88,Darkened/sterile wheat spikes (ears) show typical loose smut symptoms
plantwild_v2/wheat loose smut/wheat_loose_smut_Google_0340.jpg,wheat loose smut,inflorescence,0.92,"Dark, smutted wheat spikes/ears clearly showing disease symptoms"
plantwild_v2/wheat loose smut/wheat_loose_smut_Google_0243.jpg,wheat loose smut,inflorescence,0.90,Blackened smut masses replacing spikelets on the wheat ear (spike/inflorescence).
plantwild_v2/wheat loose smut/wheat_loose_smut_Google_0241.jpg,wheat loose smut,inflorescence,0.92,"Dark, smutted wheat heads/spikes clearly show symptoms on the inflorescences"
plantwild_v2/wheat loose smut/wheat_loose_smut_Google_0285.jpg,wheat loose smut,inflorescence,0.90,Darkened/abnormal wheat spikes (ears) show smut symptoms on the inflorescences
plantwild_v2/wheat loose smut/wheat_loose_smut_Google_0229.jpg,wheat loose smut,inflorescence,0.95,Blackened spike/head with fungal spore tufts replacing grains (smut symptoms)
plantwild_v2/wheat loose smut/wheat_loose_smut_Google_0311.jpg,wheat loose smut,inflorescence;seed_grain,0.90,"Smutted, deformed spikelets and grains visible on the wheat head"
plantwild_v2/wheat loose smut/wheat_loose_smut_Google_0345.jpg,wheat loose smut,inflorescence,0.92,Black smutty masses replacing spikelets on wheat heads (ears) are visible
plantwild_v2/wheat loose smut/wheat_loose_smut_Google_0390.jpg,wheat loose smut,inflorescence,0.92,Black spore masses replacing/covering wheat spikes (ears) clearly visible
plantwild_v2/wheat loose smut/wheat_loose_smut_Google_0377.jpg,wheat loose smut,inflorescence;seed_grain,0.86,Smutted spike/ear with infected kernels visible within the wheat head
plantwild_v2/wheat loose smut/wheat_loose_smut_Google_0393.jpg,wheat loose smut,inflorescence,0.90,"Dark, smutted spike/ear showing fungal sori replacing grains on the wheat head"
plantwild_v2/wheat loose smut/wheat_loose_smut_Google_0282.jpg,wheat loose smut,inflorescence,0.90,Blackened spore masses replacing grains on wheat spikes (ears) are visible
